begin
insert into bw3.sys_item_field_custom (ITEM_ID, FIELD_NAME, FIELD_CAPTION, FIELD_TYPE, DATA_TYPE, SHOW_TYPE, PAUSE)
values ('a_report_abn_102', 'ABN_END_TIME', '结束时间', 0, null, 1, 0);

insert into bw3.sys_item_field_custom (ITEM_ID, FIELD_NAME, FIELD_CAPTION, FIELD_TYPE, DATA_TYPE, SHOW_TYPE, PAUSE)
values ('a_report_abn_102', 'ABN_BEGIN_TIME', '开始时间', 0, null, 1, 0);

insert into bw3.sys_item_field_custom (ITEM_ID, FIELD_NAME, FIELD_CAPTION, FIELD_TYPE, DATA_TYPE, SHOW_TYPE, PAUSE)
values ('a_report_abn_102', 'ABN_CATEGORY_A', '分部', 0, null, 0, 0);

insert into bw3.sys_item_field_custom (ITEM_ID, FIELD_NAME, FIELD_CAPTION, FIELD_TYPE, DATA_TYPE, SHOW_TYPE, PAUSE)
values ('a_report_abn_102', 'ABN_FILEDS_TYPE_B', '筛选条件', 0, null, 0, 0);

insert into bw3.sys_item_field_custom (ITEM_ID, FIELD_NAME, FIELD_CAPTION, FIELD_TYPE, DATA_TYPE, SHOW_TYPE, PAUSE)
values ('a_report_abn_201', 'ABNC_FILEDS_TYPE', '筛选字段', 0, null, 0, 0);

insert into bw3.sys_item_field_custom (ITEM_ID, FIELD_NAME, FIELD_CAPTION, FIELD_TYPE, DATA_TYPE, SHOW_TYPE, PAUSE)
values ('a_report_abn_101', 'ABN_FILEDS_TYPE_A', null, 0, null, 0, 0);

insert into bw3.sys_item_field_custom (ITEM_ID, FIELD_NAME, FIELD_CAPTION, FIELD_TYPE, DATA_TYPE, SHOW_TYPE, PAUSE)
values ('a_report_abn_101', 'ABN_FILEDS_TYPE', null, 0, null, 0, 0);

insert into bw3.sys_item_field_custom (ITEM_ID, FIELD_NAME, FIELD_CAPTION, FIELD_TYPE, DATA_TYPE, SHOW_TYPE, PAUSE)
values ('a_report_abn_201', 'ABN_YEAR', '时间维度', 0, null, 0, 0);

insert into bw3.sys_item_field_custom (ITEM_ID, FIELD_NAME, FIELD_CAPTION, FIELD_TYPE, DATA_TYPE, SHOW_TYPE, PAUSE)
values ('a_report_abn_201', 'ABN_DATE_TYPE', ' ', 0, null, 0, 0);

insert into bw3.sys_item_field_custom (ITEM_ID, FIELD_NAME, FIELD_CAPTION, FIELD_TYPE, DATA_TYPE, SHOW_TYPE, PAUSE)
values ('a_report_abn_201', 'ABN_DATE', ' 筛选时间', 0, null, 0, 0);

insert into bw3.sys_item_field_custom (ITEM_ID, FIELD_NAME, FIELD_CAPTION, FIELD_TYPE, DATA_TYPE, SHOW_TYPE, PAUSE)
values ('a_report_abn_201', 'ABN_GROUP', '区域组', 0, null, 0, 0);

insert into bw3.sys_item_field_custom (ITEM_ID, FIELD_NAME, FIELD_CAPTION, FIELD_TYPE, DATA_TYPE, SHOW_TYPE, PAUSE)
values ('a_report_abn_202', 'ABN_CATEGORY', '展示维度', 0, null, 0, 0);

insert into bw3.sys_item_field_custom (ITEM_ID, FIELD_NAME, FIELD_CAPTION, FIELD_TYPE, DATA_TYPE, SHOW_TYPE, PAUSE)
values ('a_report_abn_202', 'ABN_YEAR', '时间维度', 0, null, 0, 0);

insert into bw3.sys_item_field_custom (ITEM_ID, FIELD_NAME, FIELD_CAPTION, FIELD_TYPE, DATA_TYPE, SHOW_TYPE, PAUSE)
values ('a_report_abn_103', 'ABNF_FILEDS_TYPE_A', null, 0, null, 0, 0);

insert into bw3.sys_item_field_custom (ITEM_ID, FIELD_NAME, FIELD_CAPTION, FIELD_TYPE, DATA_TYPE, SHOW_TYPE, PAUSE)
values ('a_report_abn_202', 'ABNF_FILEDS_TYPE', null, 0, null, 0, 0);

insert into bw3.sys_item_field_custom (ITEM_ID, FIELD_NAME, FIELD_CAPTION, FIELD_TYPE, DATA_TYPE, SHOW_TYPE, PAUSE)
values ('a_report_abn_101', 'ABN_CATEGORY_A', '分部', 0, null, 0, 0);

insert into bw3.sys_item_field_custom (ITEM_ID, FIELD_NAME, FIELD_CAPTION, FIELD_TYPE, DATA_TYPE, SHOW_TYPE, PAUSE)
values ('a_report_abn_201', 'ABN_CATEGORY', '展示维度', 0, null, 0, 0);

insert into bw3.sys_item_field_custom (ITEM_ID, FIELD_NAME, FIELD_CAPTION, FIELD_TYPE, DATA_TYPE, SHOW_TYPE, PAUSE)
values ('a_report_delivery_101_1', 'RDL_BEGIN_TIME', '开始时间', 0, null, 0, 0);

insert into bw3.sys_item_field_custom (ITEM_ID, FIELD_NAME, FIELD_CAPTION, FIELD_TYPE, DATA_TYPE, SHOW_TYPE, PAUSE)
values ('a_report_delivery_101_1', 'RDL_END_TIME', '结束时间', 0, null, 0, 0);

insert into bw3.sys_item_field_custom (ITEM_ID, FIELD_NAME, FIELD_CAPTION, FIELD_TYPE, DATA_TYPE, SHOW_TYPE, PAUSE)
values ('a_report_delivery_101_1', 'RDL_DATE_TYPE', '时间维度', 0, null, 0, 0);

insert into bw3.sys_item_field_custom (ITEM_ID, FIELD_NAME, FIELD_CAPTION, FIELD_TYPE, DATA_TYPE, SHOW_TYPE, PAUSE)
values ('a_report_delivery_101_1', 'RDL_FILEDS_TYPE', '展示维度', 0, null, 0, 0);

insert into bw3.sys_item_field_custom (ITEM_ID, FIELD_NAME, FIELD_CAPTION, FIELD_TYPE, DATA_TYPE, SHOW_TYPE, PAUSE)
values ('a_report_delivery_101_1', 'RDL_FILEDS', null, 0, null, 0, 0);

insert into bw3.sys_item_field_custom (ITEM_ID, FIELD_NAME, FIELD_CAPTION, FIELD_TYPE, DATA_TYPE, SHOW_TYPE, PAUSE)
values ('a_report_delivery_101_1', 'RDL_CATEGORY', '分部', 0, null, 0, 0);

insert into bw3.sys_item_field_custom (ITEM_ID, FIELD_NAME, FIELD_CAPTION, FIELD_TYPE, DATA_TYPE, SHOW_TYPE, PAUSE)
values ('a_report_delivery_101_1', 'RDL_FOLLOWER', '跟单员', 0, null, 0, 0);

insert into bw3.sys_item_field_custom (ITEM_ID, FIELD_NAME, FIELD_CAPTION, FIELD_TYPE, DATA_TYPE, SHOW_TYPE, PAUSE)
values ('a_report_delivery_101_1', 'RDL_SUPP', '供应商', 0, null, 0, 0);

insert into bw3.sys_item_field_custom (ITEM_ID, FIELD_NAME, FIELD_CAPTION, FIELD_TYPE, DATA_TYPE, SHOW_TYPE, PAUSE)
values ('a_report_delivery_101_1', 'RDL_SMALL_CATE', '产品子类', 0, null, 0, 0);

insert into bw3.sys_item_field_custom (ITEM_ID, FIELD_NAME, FIELD_CAPTION, FIELD_TYPE, DATA_TYPE, SHOW_TYPE, PAUSE)
values ('a_report_prostatus_100', 'RDL_BEGIN_TIME', '开始时间', 0, null, 0, 0);

insert into bw3.sys_item_field_custom (ITEM_ID, FIELD_NAME, FIELD_CAPTION, FIELD_TYPE, DATA_TYPE, SHOW_TYPE, PAUSE)
values ('a_report_prostatus_100', 'RDL_END_TIME', '结束时间', 0, null, 0, 0);

insert into bw3.sys_item_field_custom (ITEM_ID, FIELD_NAME, FIELD_CAPTION, FIELD_TYPE, DATA_TYPE, SHOW_TYPE, PAUSE)
values ('a_report_prostatus_100', 'RDL_DATE_TYPE', '时间维度', 0, null, 0, 0);

insert into bw3.sys_item_field_custom (ITEM_ID, FIELD_NAME, FIELD_CAPTION, FIELD_TYPE, DATA_TYPE, SHOW_TYPE, PAUSE)
values ('a_report_prostatus_100', 'RDL_CATEGORY', '分部', 0, null, 0, 0);

insert into bw3.sys_item_field_custom (ITEM_ID, FIELD_NAME, FIELD_CAPTION, FIELD_TYPE, DATA_TYPE, SHOW_TYPE, PAUSE)
values ('a_report_prostatus_100', 'RDL_SUPP', '供应商', 0, null, 0, 0);

insert into bw3.sys_item_field_custom (ITEM_ID, FIELD_NAME, FIELD_CAPTION, FIELD_TYPE, DATA_TYPE, SHOW_TYPE, PAUSE)
values ('a_report_prostatus_100', 'RDL_SMALL_CATE', '产品子类', 0, null, 0, 0);

insert into bw3.sys_item_field_custom (ITEM_ID, FIELD_NAME, FIELD_CAPTION, FIELD_TYPE, DATA_TYPE, SHOW_TYPE, PAUSE)
values ('a_report_abn_202', 'ABN_DATE_TYPE', ' ', 0, null, 0, 0);

insert into bw3.sys_item_field_custom (ITEM_ID, FIELD_NAME, FIELD_CAPTION, FIELD_TYPE, DATA_TYPE, SHOW_TYPE, PAUSE)
values ('a_report_abn_101', 'ABN_BEGIN_TIME', '开始时间', 0, null, 1, 0);

insert into bw3.sys_item_field_custom (ITEM_ID, FIELD_NAME, FIELD_CAPTION, FIELD_TYPE, DATA_TYPE, SHOW_TYPE, PAUSE)
values ('a_report_abn_101', 'ABN_END_TIME', '结束时间', 0, null, 1, 0);

insert into bw3.sys_item_field_custom (ITEM_ID, FIELD_NAME, FIELD_CAPTION, FIELD_TYPE, DATA_TYPE, SHOW_TYPE, PAUSE)
values ('a_report_abn_103', 'ABN_BEGIN_TIME', '开始时间', 0, null, 1, 0);

insert into bw3.sys_item_field_custom (ITEM_ID, FIELD_NAME, FIELD_CAPTION, FIELD_TYPE, DATA_TYPE, SHOW_TYPE, PAUSE)
values ('a_report_abn_103', 'ABN_END_TIME', '结束时间', 0, null, 1, 0);

insert into bw3.sys_item_field_custom (ITEM_ID, FIELD_NAME, FIELD_CAPTION, FIELD_TYPE, DATA_TYPE, SHOW_TYPE, PAUSE)
values ('a_report_abn_103', 'ABN_CATEGORY', '分部', 0, null, 0, 0);

insert into bw3.sys_item_field_custom (ITEM_ID, FIELD_NAME, FIELD_CAPTION, FIELD_TYPE, DATA_TYPE, SHOW_TYPE, PAUSE)
values ('a_report_abn_103', 'ABN_FILEDS_TYPE', null, 0, null, 0, 0);

insert into bw3.sys_item_field_custom (ITEM_ID, FIELD_NAME, FIELD_CAPTION, FIELD_TYPE, DATA_TYPE, SHOW_TYPE, PAUSE)
values ('a_report_abn_103', 'ABN_FILEDS_TYPE_A', null, 0, null, 0, 0);

insert into bw3.sys_item_field_custom (ITEM_ID, FIELD_NAME, FIELD_CAPTION, FIELD_TYPE, DATA_TYPE, SHOW_TYPE, PAUSE)
values ('a_report_abn_202', 'ABNF_FILEDS_TYPE_A', null, 0, null, 0, 1);

insert into bw3.sys_item_field_custom (ITEM_ID, FIELD_NAME, FIELD_CAPTION, FIELD_TYPE, DATA_TYPE, SHOW_TYPE, PAUSE)
values ('a_report_abn_202', 'ABN_GROUP', '区域组', 0, null, 0, 0);  
end;
/
begin
/*insert into bw3.sys_param_list (PARAM_NAME, DATA_SOURCE, CAPTION, DEFAULT_SQL, VALUE_SQL, REQUIRED_FLAG, HOTKEY, DISPLAY_WIDTH, READ_ONLY_FLAG, MIN_VALUE, MAX_VALUE, VALUE_STEP, MAX_LENGTH, EDIT_MASK, HINT_TEXT, PARAM_TYPE, DATA_TYPE, SEPARATOR, IS_MULTI)
values ('ABNORMAL_CODE_CP', 'oracle_scmdata', '异常单编码', null, null, 1, null, null, 0, null, null, null, null, null, null, null, null, null, null);
*/
insert into bw3.sys_param_list (PARAM_NAME, DATA_SOURCE, CAPTION, DEFAULT_SQL, VALUE_SQL, REQUIRED_FLAG, HOTKEY, DISPLAY_WIDTH, READ_ONLY_FLAG, MIN_VALUE, MAX_VALUE, VALUE_STEP, MAX_LENGTH, EDIT_MASK, HINT_TEXT, PARAM_TYPE, DATA_TYPE, SEPARATOR, IS_MULTI)
values ('ABN_GROUP', 'oracle_scmdata', '区域组', 'SELECT ''全部'' NAME
  FROM DUAL', 'SELECT ''全部'' NAME
  FROM DUAL
UNION ALL
SELECT t.group_name NAME
  FROM scmdata.pt_ordered t
 WHERE t.company_id = %default_company_id%
   AND t.group_name IS NOT NULL
   GROUP BY t.group_name', null, null, null, null, null, null, null, null, null, null, null, null, null, null);

insert into bw3.sys_param_list (PARAM_NAME, DATA_SOURCE, CAPTION, DEFAULT_SQL, VALUE_SQL, REQUIRED_FLAG, HOTKEY, DISPLAY_WIDTH, READ_ONLY_FLAG, MIN_VALUE, MAX_VALUE, VALUE_STEP, MAX_LENGTH, EDIT_MASK, HINT_TEXT, PARAM_TYPE, DATA_TYPE, SEPARATOR, IS_MULTI)
values ('ABN_FILEDS_TYPE', 'oracle_scmdata', null, 'select ''00'' value,''无'' name from dual', 'select ''00'' value,''无'' name from dual
union all
select ''01'' value,''产品子类'' name from dual
union all
select ''02'' value,''供应商'' name from dual', null, null, null, 1, null, null, null, null, null, null, null, null, null, null);

insert into bw3.sys_param_list (PARAM_NAME, DATA_SOURCE, CAPTION, DEFAULT_SQL, VALUE_SQL, REQUIRED_FLAG, HOTKEY, DISPLAY_WIDTH, READ_ONLY_FLAG, MIN_VALUE, MAX_VALUE, VALUE_STEP, MAX_LENGTH, EDIT_MASK, HINT_TEXT, PARAM_TYPE, DATA_TYPE, SEPARATOR, IS_MULTI)
values ('ABN_FILEDS_TYPE_A', 'oracle_scmdata', null, null, 'SELECT distinct c.company_dict_name name,NULL value
  FROM scmdata.sys_group_dict a
 INNER JOIN scmdata.sys_group_dict b
    ON a.group_dict_value = b.group_dict_type
   AND a.group_dict_type = ''PRODUCT_TYPE''
 INNER JOIN scmdata.sys_company_dict c
    ON b.group_dict_value = c.company_dict_type
 WHERE a.group_dict_value = :abn_category_a
   AND :abn_fileds_type = ''01''
   AND C.company_id = %default_company_id%
UNION ALL
SELECT t.supplier_code value, t.supplier_company_name name
  FROM scmdata.t_supplier_info t
 WHERE t.company_id = %default_company_id%
   AND t.status = 1
   AND :abn_fileds_type = ''02''
   
/*
{DECLARE
  v_type       VARCHAR2(32) := %ABN_FILEDS_TYPE%;
  v_cate       VARCHAR2(32) := %abn_category%;
  v_company_id VARCHAR2(32) := %default_company_id%;
BEGIN
  IF v_type = ''00'' THEN
    v_sql := q''[SELECT c.company_dict_value, c.company_dict_name
      FROM scmdata.sys_group_dict a
     INNER JOIN scmdata.sys_group_dict b
        ON a.group_dict_value = b.group_dict_type
       AND a.group_dict_type = ''PRODUCT_TYPE''
     INNER JOIN scmdata.sys_company_dict c
        ON b.group_dict_value = c.company_dict_type
     WHERE a.group_dict_value = '']'' || v_cate || q''['']'';
  ELSIF v_type = ''01'' THEN
    v_sql := q''[SELECT t.supplier_code, t.supplier_company_name
      FROM scmdata.t_supplier_info t
     WHERE t.company_id = '']'' || v_company_id || q''[''
       AND t.status = 1]'';
  ELSE
    v_sql := NULL;
  END IF;
  @strresult := v_sql;
END;}*/', null, null, null, 1, null, null, null, null, null, null, null, null, null, null);

insert into bw3.sys_param_list (PARAM_NAME, DATA_SOURCE, CAPTION, DEFAULT_SQL, VALUE_SQL, REQUIRED_FLAG, HOTKEY, DISPLAY_WIDTH, READ_ONLY_FLAG, MIN_VALUE, MAX_VALUE, VALUE_STEP, MAX_LENGTH, EDIT_MASK, HINT_TEXT, PARAM_TYPE, DATA_TYPE, SEPARATOR, IS_MULTI)
values ('ABN_FILEDS_TYPE_B', 'oracle_scmdata', null, 'select ''01'' value,''产品子类'' name from dual', 'select ''01'' value,''产品子类'' name from dual
union all
select ''02'' value,''供应商'' name from dual', null, null, null, 1, null, null, null, null, null, null, null, null, null, null);

insert into bw3.sys_param_list (PARAM_NAME, DATA_SOURCE, CAPTION, DEFAULT_SQL, VALUE_SQL, REQUIRED_FLAG, HOTKEY, DISPLAY_WIDTH, READ_ONLY_FLAG, MIN_VALUE, MAX_VALUE, VALUE_STEP, MAX_LENGTH, EDIT_MASK, HINT_TEXT, PARAM_TYPE, DATA_TYPE, SEPARATOR, IS_MULTI)
values ('ABN_END_TIME', 'oracle_scmdata', '结束时间', '{DECLARE
  v_sql CLOB;
BEGIN
v_sql := q''[select trunc(sysdate,''iw'') - 1 from dual]'';
@strresult := v_sql;
END;}', null, 1, null, null, null, null, null, null, null, null, null, 1, '12', null, null);

insert into bw3.sys_param_list (PARAM_NAME, DATA_SOURCE, CAPTION, DEFAULT_SQL, VALUE_SQL, REQUIRED_FLAG, HOTKEY, DISPLAY_WIDTH, READ_ONLY_FLAG, MIN_VALUE, MAX_VALUE, VALUE_STEP, MAX_LENGTH, EDIT_MASK, HINT_TEXT, PARAM_TYPE, DATA_TYPE, SEPARATOR, IS_MULTI)
values ('ABN_BEGIN_TIME', 'oracle_scmdata', '开始时间', '{DECLARE
  v_sql CLOB;
BEGIN
v_sql := q''[select trunc(sysdate,''iw'') - 7 from dual]'';
@strresult := v_sql;
END;}', null, 1, null, null, null, null, null, null, null, null, null, 1, '12', null, null);

insert into bw3.sys_param_list (PARAM_NAME, DATA_SOURCE, CAPTION, DEFAULT_SQL, VALUE_SQL, REQUIRED_FLAG, HOTKEY, DISPLAY_WIDTH, READ_ONLY_FLAG, MIN_VALUE, MAX_VALUE, VALUE_STEP, MAX_LENGTH, EDIT_MASK, HINT_TEXT, PARAM_TYPE, DATA_TYPE, SEPARATOR, IS_MULTI)
values ('ABN_YEAR', 'oracle_scmdata', ' ', 'SELECT to_number(to_char(SYSDATE, ''yyyy'')) FROM dual', 'SELECT t.year
  FROM scmdata.pt_ordered t
 WHERE t.company_id = %default_company_id%
 GROUP BY t.year
 ORDER BY t.year', null, null, null, null, null, null, null, null, null, null, null, null, null, null);

insert into bw3.sys_param_list (PARAM_NAME, DATA_SOURCE, CAPTION, DEFAULT_SQL, VALUE_SQL, REQUIRED_FLAG, HOTKEY, DISPLAY_WIDTH, READ_ONLY_FLAG, MIN_VALUE, MAX_VALUE, VALUE_STEP, MAX_LENGTH, EDIT_MASK, HINT_TEXT, PARAM_TYPE, DATA_TYPE, SEPARATOR, IS_MULTI)
values ('ABN_DATE_TYPE', 'oracle_scmdata', ' ', 'select ''01'' VALUE,''月'' NAME from DUAL', 'select ''00'' VALUE,''整年'' NAME from DUAL
union all
select ''01'' VALUE,''月'' NAME from DUAL
union all
select ''02'' VALUE,''季度'' NAME from DUAL
union all
select ''03'' VALUE,''半年'' NAME from DUAL', null, null, null, null, null, null, null, null, null, null, null, null, null, null);

insert into bw3.sys_param_list (PARAM_NAME, DATA_SOURCE, CAPTION, DEFAULT_SQL, VALUE_SQL, REQUIRED_FLAG, HOTKEY, DISPLAY_WIDTH, READ_ONLY_FLAG, MIN_VALUE, MAX_VALUE, VALUE_STEP, MAX_LENGTH, EDIT_MASK, HINT_TEXT, PARAM_TYPE, DATA_TYPE, SEPARATOR, IS_MULTI)
values ('ABN_DATE', 'oracle_scmdata', ' ', '{DECLARE
  v_sql              CLOB;
BEGIN
  v_sql              := q''[SELECT t.group_dict_value, t.group_dict_name
  FROM scmdata.sys_group_dict t
 WHERE t.group_dict_type = ''MONTH_LIST''
   AND t.group_dict_value = to_char(add_months(trunc(SYSDATE), -1), ''mm'')]'';
 @strresult := v_sql;
END;}', 'SELECT ''00'' group_dict_value, ''整年'' group_dict_name
  FROM dual
 WHERE :abn_date_type = ''00''
UNION ALL
SELECT t.group_dict_value, t.group_dict_name
  FROM scmdata.sys_group_dict t
 WHERE t.group_dict_type = ''MONTH_LIST''
   AND :abn_date_type = ''01''
UNION ALL
SELECT t.group_dict_value, t.group_dict_name
  FROM scmdata.sys_group_dict t
 WHERE t.group_dict_type = ''QURTER_LIST''
   AND :abn_date_type = ''02''
UNION ALL
SELECT t.group_dict_value, t.group_dict_name
  FROM scmdata.sys_group_dict t
 WHERE t.group_dict_type = ''HALF_YEAR_LIST''
   AND :abn_date_type = ''03''', null, null, null, null, null, null, null, null, null, null, null, null, null, null);

insert into bw3.sys_param_list (PARAM_NAME, DATA_SOURCE, CAPTION, DEFAULT_SQL, VALUE_SQL, REQUIRED_FLAG, HOTKEY, DISPLAY_WIDTH, READ_ONLY_FLAG, MIN_VALUE, MAX_VALUE, VALUE_STEP, MAX_LENGTH, EDIT_MASK, HINT_TEXT, PARAM_TYPE, DATA_TYPE, SEPARATOR, IS_MULTI)
values ('ABNC_FILEDS_TYPE', 'oracle_scmdata', ' ', 'select ''00'' value,''无'' name from dual', 'select ''00'' value,''无'' name from dual
union all
select ''01'' value,''产品子类'' name from dual
union all
select ''02'' value,''供应商'' name from dual
union all
select ''03'' value,''生产工厂'' name from dual
union all
select ''04'' value,''QC'' name from dual
union all
select ''05'' value,''跟单'' name from dual', null, null, null, 1, null, null, null, null, null, null, null, null, null, null);

insert into bw3.sys_param_list (PARAM_NAME, DATA_SOURCE, CAPTION, DEFAULT_SQL, VALUE_SQL, REQUIRED_FLAG, HOTKEY, DISPLAY_WIDTH, READ_ONLY_FLAG, MIN_VALUE, MAX_VALUE, VALUE_STEP, MAX_LENGTH, EDIT_MASK, HINT_TEXT, PARAM_TYPE, DATA_TYPE, SEPARATOR, IS_MULTI)
values ('ABNC_FILEDS_TYPE_A', 'oracle_scmdata', ' ', null, 'SELECT distinct c.company_dict_name NAME,NULL VALUE
  FROM scmdata.sys_group_dict a
 INNER JOIN scmdata.sys_group_dict b
    ON a.group_dict_value = b.group_dict_type
   AND a.group_dict_type = ''PRODUCT_TYPE''
 INNER JOIN scmdata.sys_company_dict c
    ON b.group_dict_value = c.company_dict_type
 WHERE :abnc_fileds_type = ''01''
   AND a.group_dict_value = :abn_category
   AND c.company_id = %default_company_id%
UNION ALL
SELECT distinct t.supplier_code VALUE, t.supplier_company_name NAME
  FROM scmdata.pt_ordered t
 WHERE t.company_id = %default_company_id%
   AND :abn_category = t.category
   AND t.supplier_code IS NOT NULL
   AND :abnc_fileds_type = ''02''
UNION ALL
SELECT distinct t.factory_code VALUE, t.factory_company_name NAME
  FROM scmdata.pt_ordered t
 WHERE t.company_id = %default_company_id%
    AND :abn_category = t.category
   AND t.factory_code IS NOT NULL
   AND :abnc_fileds_type = ''03''
UNION ALL
SELECT distinct t.qc VALUE, a.company_user_name NAME
  FROM scmdata.pt_ordered t
 INNER JOIN scmdata.sys_company_user a
    ON t.qc = a.user_id
   AND t.company_id = a.company_id
 WHERE t.company_id = %default_company_id%
    AND :abn_category = t.category
   AND t.qc IS NOT NULL
   AND :abnc_fileds_type = ''04''
UNION ALL
SELECT distinct t.flw_order VALUE, a.company_user_name NAME
  FROM scmdata.pt_ordered t
 INNER JOIN scmdata.sys_company_user a
    ON t.flw_order = a.user_id
   AND t.company_id = a.company_id
 WHERE t.company_id = %default_company_id%
   AND :abn_category = t.category
   AND t.flw_order IS NOT NULL
   AND :abnc_fileds_type = ''05''', null, null, null, 1, null, null, null, null, null, null, null, null, null, null);

insert into bw3.sys_param_list (PARAM_NAME, DATA_SOURCE, CAPTION, DEFAULT_SQL, VALUE_SQL, REQUIRED_FLAG, HOTKEY, DISPLAY_WIDTH, READ_ONLY_FLAG, MIN_VALUE, MAX_VALUE, VALUE_STEP, MAX_LENGTH, EDIT_MASK, HINT_TEXT, PARAM_TYPE, DATA_TYPE, SEPARATOR, IS_MULTI)
values ('ABNF_FILEDS_TYPE', 'oracle_scmdata', ' ', 'select ''01'' value,''产品子类'' name from dual', 'select ''00'' value,''无'' name from dual
union all
select ''01'' value,''产品子类'' name from dual
union all
select ''02'' value,''供应商'' name from dual
union all
select ''03'' value,''生产工厂'' name from dual
union all
select ''04'' value,''QC'' name from dual
union all
select ''05'' value,''跟单'' name from dual
union all
select ''06'' value,''是否首单'' name from dual', null, null, null, 1, null, null, null, null, null, null, null, null, null, null);

insert into bw3.sys_param_list (PARAM_NAME, DATA_SOURCE, CAPTION, DEFAULT_SQL, VALUE_SQL, REQUIRED_FLAG, HOTKEY, DISPLAY_WIDTH, READ_ONLY_FLAG, MIN_VALUE, MAX_VALUE, VALUE_STEP, MAX_LENGTH, EDIT_MASK, HINT_TEXT, PARAM_TYPE, DATA_TYPE, SEPARATOR, IS_MULTI)
values ('ABNF_FILEDS_TYPE_A', 'oracle_scmdata', ' ', null, 'SELECT c.company_dict_value VALUE, c.company_dict_name NAME
  FROM scmdata.sys_group_dict a
 INNER JOIN scmdata.sys_group_dict b
    ON a.group_dict_value = b.group_dict_type
   AND a.group_dict_type = ''PRODUCT_TYPE''
 INNER JOIN scmdata.sys_company_dict c
    ON b.group_dict_value = c.company_dict_type
 WHERE :abnf_fileds_type = ''01''
   AND a.group_dict_value = :abn_category
   AND c.company_id = %default_company_id%
UNION ALL
SELECT DISTINCT t.supplier_code VALUE, t.supplier_company_name NAME
  FROM scmdata.pt_ordered t
 WHERE t.company_id = %default_company_id%
   AND :abn_category = t.category
   AND t.supplier_code IS NOT NULL
   AND :abnf_fileds_type = ''02''
UNION ALL
SELECT DISTINCT t.factory_code VALUE, t.factory_company_name NAME
  FROM scmdata.pt_ordered t
 WHERE t.company_id = %default_company_id%
   AND :abn_category = t.category
   AND t.factory_code IS NOT NULL
   AND :abnf_fileds_type = ''03''
UNION ALL
SELECT DISTINCT t.qc VALUE, a.company_user_name NAME
  FROM scmdata.pt_ordered t
 INNER JOIN scmdata.sys_company_user a
    ON t.qc = a.user_id
   AND t.company_id = a.company_id
 WHERE t.company_id = %default_company_id%
   AND :abn_category = t.category
   AND t.qc IS NOT NULL
   AND :abnf_fileds_type = ''04''
UNION ALL
SELECT DISTINCT t.flw_order VALUE, a.company_user_name NAME
  FROM scmdata.pt_ordered t
 INNER JOIN scmdata.sys_company_user a
    ON t.flw_order = a.user_id
   AND t.company_id = a.company_id
 WHERE t.company_id = %default_company_id%
   AND :abn_category = t.category
   AND t.flw_order IS NOT NULL
   AND :abnf_fileds_type = ''05''
UNION ALL
SELECT VALUE, NAME
  FROM (SELECT ''0'' VALUE, ''否'' NAME
          FROM dual
        UNION ALL
        SELECT ''1'' VALUE, ''是'' NAME
          FROM dual)
 WHERE :abnf_fileds_type = ''06''', null, null, null, 1, null, null, null, null, null, null, null, null, null, null);

insert into bw3.sys_param_list (PARAM_NAME, DATA_SOURCE, CAPTION, DEFAULT_SQL, VALUE_SQL, REQUIRED_FLAG, HOTKEY, DISPLAY_WIDTH, READ_ONLY_FLAG, MIN_VALUE, MAX_VALUE, VALUE_STEP, MAX_LENGTH, EDIT_MASK, HINT_TEXT, PARAM_TYPE, DATA_TYPE, SEPARATOR, IS_MULTI)
values ('ABN_CATEGORY', 'oracle_scmdata', '分部', '{DECLARE
  v_sql              CLOB;
  v_class_data_privs CLOB;
BEGIN
  v_class_data_privs := pkg_data_privs.parse_json(p_jsonstr => %data_privs_json_strs%,
                                                  p_key     => ''COL_2'');
  v_sql              := q''[SELECT a.group_dict_value cate, a.group_dict_name cate_name
  FROM scmdata.sys_group_dict a
 WHERE a.group_dict_type = ''PRODUCT_TYPE''
AND ((%is_company_admin%) = 1 OR instr_priv(p_str1 => '']'' ||
                        v_class_data_privs ||
                        q''['', p_str2 => a.group_dict_value, p_split => '';'') > 0)]'';
 @strresult := v_sql;
END;}', '{DECLARE
  v_sql              CLOB;
  v_class_data_privs CLOB;
BEGIN
  v_class_data_privs := pkg_data_privs.parse_json(p_jsonstr => %data_privs_json_strs%,
                                                  p_key     => ''COL_2'');

  IF %is_company_admin% = 1 OR
     regexp_count(v_class_data_privs, '';'') + 1 = 6 THEN
    v_sql := q''[SELECT ''1'' cate, ''全部'' cate_name FROM DUAL
UNION ALL
SELECT a.group_dict_value cate, a.group_dict_name cate_name
  FROM scmdata.sys_group_dict a
 WHERE a.group_dict_type = ''PRODUCT_TYPE''
AND ((%is_company_admin%) = 1 OR instr_priv(p_str1 => '']'' ||
             v_class_data_privs ||
             q''['', p_str2 => a.group_dict_value, p_split => '';'') > 0)]'';
  ELSE
    v_sql := q''[SELECT a.group_dict_value cate, a.group_dict_name cate_name
  FROM scmdata.sys_group_dict a
 WHERE a.group_dict_type = ''PRODUCT_TYPE''
AND ((%is_company_admin%) = 1 OR instr_priv(p_str1 => '']'' ||
             v_class_data_privs ||
             q''['', p_str2 => a.group_dict_value, p_split => '';'') > 0)]'';
  
  END IF;
  @strresult := v_sql;
END;}', null, null, null, null, null, null, null, null, null, null, null, null, null, null);

insert into bw3.sys_param_list (PARAM_NAME, DATA_SOURCE, CAPTION, DEFAULT_SQL, VALUE_SQL, REQUIRED_FLAG, HOTKEY, DISPLAY_WIDTH, READ_ONLY_FLAG, MIN_VALUE, MAX_VALUE, VALUE_STEP, MAX_LENGTH, EDIT_MASK, HINT_TEXT, PARAM_TYPE, DATA_TYPE, SEPARATOR, IS_MULTI)
values ('ABN_CATEGORY_A', 'oracle_scmdata', '展示维度', '{DECLARE
  v_sql              CLOB;
  v_class_data_privs CLOB;
BEGIN
  v_class_data_privs := pkg_data_privs.parse_json(p_jsonstr => %data_privs_json_strs%,
                                                  p_key     => ''COL_2'');
  v_sql              := q''[SELECT a.group_dict_value cate, a.group_dict_name cate_name
  FROM scmdata.sys_group_dict a
 WHERE a.group_dict_type = ''PRODUCT_TYPE''
AND ((%is_company_admin%) = 1 OR instr_priv(p_str1 => '']'' ||
                        v_class_data_privs ||
                        q''['', p_str2 => a.group_dict_value, p_split => '';'') > 0)]'';
 @strresult := v_sql;
END;}', '{DECLARE
  v_sql              CLOB;
  v_class_data_privs CLOB;
BEGIN
  v_class_data_privs := pkg_data_privs.parse_json(p_jsonstr => %data_privs_json_strs%,
                                                  p_key     => ''COL_2'');
  v_sql              := q''[SELECT a.group_dict_value cate, a.group_dict_name cate_name
  FROM scmdata.sys_group_dict a
 WHERE a.group_dict_type = ''PRODUCT_TYPE''
AND ((%is_company_admin%) = 1 OR instr_priv(p_str1 => '']'' ||
                        v_class_data_privs ||
                        q''['', p_str2 => a.group_dict_value, p_split => '';'') > 0)]'';
 @strresult := v_sql;
END;}', null, null, null, null, null, null, null, null, null, null, null, null, null, null);

end;
/
begin
insert into bw3.sys_param_list (PARAM_NAME, DATA_SOURCE, CAPTION, DEFAULT_SQL, VALUE_SQL, REQUIRED_FLAG, HOTKEY, DISPLAY_WIDTH, READ_ONLY_FLAG, MIN_VALUE, MAX_VALUE, VALUE_STEP, MAX_LENGTH, EDIT_MASK, HINT_TEXT, PARAM_TYPE, DATA_TYPE, SEPARATOR, IS_MULTI)
values ('RDL_FOLLOWER', 'oracle_scmdata', null, 'SELECT ''1'' VALUE,''全部'' FROM DUAL', 'SELECT ''1'' VALUE,''全部'' FROM DUAL
UNION ALL
SELECT DISTINCT fu.user_id VALUE, fu.company_user_name NAME
  FROM scmdata.t_ordered po
 INNER JOIN scmdata.t_orders ln
    ON ln.order_id = po.order_code
   AND ln.company_id = po.company_id
 INNER JOIN scmdata.t_commodity_info tc
    ON ln.goo_id = tc.goo_id
   AND ln.company_id = tc.company_id
 INNER JOIN scmdata.sys_company_user fu
    ON instr(po.deal_follower, fu.user_id) > 0
   AND fu.company_id = po.company_id
 WHERE po.company_id = %default_company_id%
   AND po.order_status <> ''OS02''
   AND tc.category = :rdl_category', null, null, null, 1, null, null, null, null, null, null, null, null, null, null);

insert into bw3.sys_param_list (PARAM_NAME, DATA_SOURCE, CAPTION, DEFAULT_SQL, VALUE_SQL, REQUIRED_FLAG, HOTKEY, DISPLAY_WIDTH, READ_ONLY_FLAG, MIN_VALUE, MAX_VALUE, VALUE_STEP, MAX_LENGTH, EDIT_MASK, HINT_TEXT, PARAM_TYPE, DATA_TYPE, SEPARATOR, IS_MULTI)
values ('RDL_DATE_TYPE', 'oracle_scmdata', '时间维度', 'select ''00'' VALUE,''无'' NAME from DUAL', 'select ''00'' VALUE,''无'' NAME from DUAL
union all
select ''01'' VALUE,''下单时间'' NAME from DUAL
union all
select ''02'' VALUE,''订单交期'' NAME from DUAL
union all
select ''03'' VALUE,''最新计划交期'' NAME from DUAL', null, null, null, null, null, null, null, null, null, null, null, null, null, null);

insert into bw3.sys_param_list (PARAM_NAME, DATA_SOURCE, CAPTION, DEFAULT_SQL, VALUE_SQL, REQUIRED_FLAG, HOTKEY, DISPLAY_WIDTH, READ_ONLY_FLAG, MIN_VALUE, MAX_VALUE, VALUE_STEP, MAX_LENGTH, EDIT_MASK, HINT_TEXT, PARAM_TYPE, DATA_TYPE, SEPARATOR, IS_MULTI)
values ('RDL_END_TIME', 'oracle_scmdata', '结束时间', null, null, null, null, null, null, null, null, null, null, null, null, 1, '12', null, null);

insert into bw3.sys_param_list (PARAM_NAME, DATA_SOURCE, CAPTION, DEFAULT_SQL, VALUE_SQL, REQUIRED_FLAG, HOTKEY, DISPLAY_WIDTH, READ_ONLY_FLAG, MIN_VALUE, MAX_VALUE, VALUE_STEP, MAX_LENGTH, EDIT_MASK, HINT_TEXT, PARAM_TYPE, DATA_TYPE, SEPARATOR, IS_MULTI)
values ('RDL_BEGIN_TIME', 'oracle_scmdata', '开始时间', null, null, null, null, null, null, null, null, null, null, null, null, 1, '12', null, null);

insert into bw3.sys_param_list (PARAM_NAME, DATA_SOURCE, CAPTION, DEFAULT_SQL, VALUE_SQL, REQUIRED_FLAG, HOTKEY, DISPLAY_WIDTH, READ_ONLY_FLAG, MIN_VALUE, MAX_VALUE, VALUE_STEP, MAX_LENGTH, EDIT_MASK, HINT_TEXT, PARAM_TYPE, DATA_TYPE, SEPARATOR, IS_MULTI)
values ('RDL_FILEDS_TYPE', 'oracle_scmdata', null, 'select ''00'' value,''跟单员'' name from dual', 'select ''00'' value,''跟单员'' name from dual
union all
select ''01'' value,''产品子类'' name from dual
union all
select ''02'' value,''供应商'' name from dual', null, null, null, 1, null, null, null, null, null, null, null, null, null, null);

insert into bw3.sys_param_list (PARAM_NAME, DATA_SOURCE, CAPTION, DEFAULT_SQL, VALUE_SQL, REQUIRED_FLAG, HOTKEY, DISPLAY_WIDTH, READ_ONLY_FLAG, MIN_VALUE, MAX_VALUE, VALUE_STEP, MAX_LENGTH, EDIT_MASK, HINT_TEXT, PARAM_TYPE, DATA_TYPE, SEPARATOR, IS_MULTI)
values ('RDL_FILEDS', 'oracle_scmdata', null, null, 'SELECT DISTINCT c.company_dict_name NAME, NULL VALUE
  FROM scmdata.t_ordered po
 INNER JOIN scmdata.t_orders ln
    ON ln.order_id = po.order_code
   AND ln.company_id = po.company_id
 INNER JOIN scmdata.t_commodity_info tc
    ON ln.goo_id = tc.goo_id
   AND ln.company_id = tc.company_id
  LEFT JOIN scmdata.sys_group_dict a
    ON a.group_dict_type = ''PRODUCT_TYPE''
   AND a.group_dict_value = tc.category
  LEFT JOIN scmdata.sys_group_dict b
    ON b.group_dict_type = a.group_dict_value
   AND b.group_dict_value = tc.product_cate
  LEFT JOIN scmdata.sys_company_dict c
    ON c.company_dict_type = b.group_dict_value
   AND c.company_dict_value = tc.samll_category
   AND c.company_id = tc.company_id
 WHERE po.company_id = %default_company_id%
   AND po.order_status <> ''OS02''
   AND tc.category = :rdl_category
   AND :rdl_fileds_type = ''01''
UNION ALL
SELECT DISTINCT sp.supplier_code VALUE, sp.supplier_company_name NAME
  FROM scmdata.t_ordered po
 INNER JOIN scmdata.t_orders ln
    ON ln.order_id = po.order_code
   AND ln.company_id = po.company_id
 INNER JOIN scmdata.t_commodity_info tc
    ON ln.goo_id = tc.goo_id
   AND ln.company_id = tc.company_id
 INNER JOIN scmdata.t_supplier_info sp
    ON sp.supplier_code = po.supplier_code
   AND sp.company_id = po.company_id
 WHERE po.company_id = %default_company_id%
   AND po.order_status <> ''OS02''
   AND tc.category = :rdl_category
   AND :rdl_fileds_type = ''02''', null, null, null, 1, null, null, null, null, null, null, null, null, null, null);

insert into bw3.sys_param_list (PARAM_NAME, DATA_SOURCE, CAPTION, DEFAULT_SQL, VALUE_SQL, REQUIRED_FLAG, HOTKEY, DISPLAY_WIDTH, READ_ONLY_FLAG, MIN_VALUE, MAX_VALUE, VALUE_STEP, MAX_LENGTH, EDIT_MASK, HINT_TEXT, PARAM_TYPE, DATA_TYPE, SEPARATOR, IS_MULTI)
values ('RDL_SMALL_CATE', 'oracle_scmdata', null, 'SELECT ''1'' VALUE,''全部'' FROM DUAL', 'SELECT ''1'' VALUE,''全部'' FROM DUAL
UNION ALL
SELECT DISTINCT c.company_dict_name NAME, NULL VALUE
  FROM scmdata.t_ordered po
 INNER JOIN scmdata.t_orders ln
    ON ln.order_id = po.order_code
   AND ln.company_id = po.company_id
 INNER JOIN scmdata.t_commodity_info tc
    ON ln.goo_id = tc.goo_id
   AND ln.company_id = tc.company_id
  LEFT JOIN scmdata.sys_group_dict a
    ON a.group_dict_type = ''PRODUCT_TYPE''
   AND a.group_dict_value = tc.category
  LEFT JOIN scmdata.sys_group_dict b
    ON b.group_dict_type = a.group_dict_value
   AND b.group_dict_value = tc.product_cate
  LEFT JOIN scmdata.sys_company_dict c
    ON c.company_dict_type = b.group_dict_value
   AND c.company_dict_value = tc.samll_category
   AND c.company_id = tc.company_id
 WHERE po.company_id = %default_company_id%
   AND po.order_status <> ''OS02''
   AND tc.category = :rdl_category', null, null, null, 1, null, null, null, null, null, null, null, null, null, null);

insert into bw3.sys_param_list (PARAM_NAME, DATA_SOURCE, CAPTION, DEFAULT_SQL, VALUE_SQL, REQUIRED_FLAG, HOTKEY, DISPLAY_WIDTH, READ_ONLY_FLAG, MIN_VALUE, MAX_VALUE, VALUE_STEP, MAX_LENGTH, EDIT_MASK, HINT_TEXT, PARAM_TYPE, DATA_TYPE, SEPARATOR, IS_MULTI)
values ('RDL_SUPP', 'oracle_scmdata', null, 'SELECT ''1'' VALUE,''全部'' FROM DUAL', 'SELECT ''1'' VALUE,''全部'' FROM DUAL
UNION ALL
SELECT DISTINCT sp.supplier_code VALUE, sp.supplier_company_name NAME
  FROM scmdata.t_ordered po
 INNER JOIN scmdata.t_orders ln
    ON ln.order_id = po.order_code
   AND ln.company_id = po.company_id
 INNER JOIN scmdata.t_commodity_info tc
    ON ln.goo_id = tc.goo_id
   AND ln.company_id = tc.company_id
 INNER JOIN scmdata.t_supplier_info sp
    ON sp.supplier_code = po.supplier_code
   AND sp.company_id = po.company_id
 WHERE po.company_id = %default_company_id%
   AND po.order_status <> ''OS02''
   AND tc.category = :rdl_category', null, null, null, 1, null, null, null, null, null, null, null, null, null, null);

insert into bw3.sys_param_list (PARAM_NAME, DATA_SOURCE, CAPTION, DEFAULT_SQL, VALUE_SQL, REQUIRED_FLAG, HOTKEY, DISPLAY_WIDTH, READ_ONLY_FLAG, MIN_VALUE, MAX_VALUE, VALUE_STEP, MAX_LENGTH, EDIT_MASK, HINT_TEXT, PARAM_TYPE, DATA_TYPE, SEPARATOR, IS_MULTI)
values ('RDL_CATEGORY', 'oracle_scmdata', '分部', '{DECLARE
  v_sql              CLOB;
  v_class_data_privs CLOB;
BEGIN
  v_class_data_privs := pkg_data_privs.parse_json(p_jsonstr => %data_privs_json_strs%,
                                                  p_key     => ''COL_2'');
  v_sql              := q''[SELECT a.group_dict_value cate, a.group_dict_name cate_name
  FROM scmdata.sys_group_dict a
 WHERE a.group_dict_type = ''PRODUCT_TYPE''
AND ((%is_company_admin%) = 1 OR instr_priv(p_str1 => '']'' ||
                        v_class_data_privs ||
                        q''['', p_str2 => a.group_dict_value, p_split => '';'') > 0)]'';
 @strresult := v_sql;
END;}', '{DECLARE
  v_sql              CLOB;
  v_class_data_privs CLOB;
BEGIN
  v_class_data_privs := pkg_data_privs.parse_json(p_jsonstr => %data_privs_json_strs%,
                                                  p_key     => ''COL_2'');
  v_sql              := q''[SELECT a.group_dict_value cate, a.group_dict_name cate_name
  FROM scmdata.sys_group_dict a
 WHERE a.group_dict_type = ''PRODUCT_TYPE''
AND ((%is_company_admin%) = 1 OR instr_priv(p_str1 => '']'' ||
                        v_class_data_privs ||
                        q''['', p_str2 => a.group_dict_value, p_split => '';'') > 0)]'';
 @strresult := v_sql;
END;}', null, null, null, null, null, null, null, null, null, null, null, null, null, null);
end;
/
begin
insert into bw3.sys_element (ELEMENT_ID, ELEMENT_TYPE, DATA_SOURCE, PAUSE, MESSAGE, IS_HIDE, MEMO, IS_ASYNC, IS_PER_EXE, ENABLE_STAND_PERMISSION)
values ('adt_a_report_delivery_101_1', 'adt', null, 0, null, 0, null, null, null, 0);

insert into bw3.sys_element (ELEMENT_ID, ELEMENT_TYPE, DATA_SOURCE, PAUSE, MESSAGE, IS_HIDE, MEMO, IS_ASYNC, IS_PER_EXE, ENABLE_STAND_PERMISSION)
values ('adt_a_report_delivery_101_2', 'adt', null, 0, null, 0, null, null, null, 0);

insert into bw3.sys_adt_field (ELEMENT_ID, FIELD_NAME, CAPTION, SUB_FIELDS)
values ('adt_a_report_delivery_101_1', 'actual_exten', '实际延期', 'ACT_OWE_GOO_CNT,ACT_OWE_AMOUNT,ACT_OWE_PRICE,ACT_OWE_PRICE_PROM');

insert into bw3.sys_adt_field (ELEMENT_ID, FIELD_NAME, CAPTION, SUB_FIELDS)
values ('adt_a_report_delivery_101_2', 'expected_delay', '预计延期', 'PRE_OWE_GOO_CNT,PRE_OWE_AMOUNT,PRE_OWE_PRICE,PRE_OWE_PRICE_PROM');

insert into bw3.sys_item_element_rela (ITEM_ID, ELEMENT_ID, SEQ_NO, PAUSE, LEVEL_NO)
values ('a_report_delivery_101_1', 'adt_a_report_delivery_101_1', 0, 0, 0);

insert into bw3.sys_item_element_rela (ITEM_ID, ELEMENT_ID, SEQ_NO, PAUSE, LEVEL_NO)
values ('a_report_delivery_101_1', 'adt_a_report_delivery_101_2', 0, 0, 0);
end;
/
begin
insert into bw3.sys_field_list (FIELD_NAME, CAPTION, REQUIERED_FLAG, INPUT_HINT, VALID_CHARS, INVALID_CHARS, CHECK_EXPRESS, CHECK_MESSAGE, READ_ONLY_FLAG, NO_EDIT, NO_COPY, NO_SUM, NO_SORT, ALIGNMENT, MAX_LENGTH, MIN_LENGTH, DISPLAY_WIDTH, DISPLAY_FORMAT, EDIT_FORMT, DATA_TYPE, MAX_VALUE, MIN_VALUE, DEFAULT_VALUE, IME_CARE, IME_OPEN, VALUE_LISTS, VALUE_LIST_TYPE, HYPER_RES, MULTI_VALUE_FLAG, TRUE_EXPR, FALSE_EXPR, NAME_RULE_FLAG, NAME_RULE_ID, DATA_TYPE_FLAG, ALLOW_SCAN, VALUE_ENCRYPT, VALUE_SENSITIVE, OPERATOR_FLAG, VALUE_DISPLAY_STYLE, TO_ITEM_ID, VALUE_SENSITIVE_REPLACEMENT, STORE_SOURCE, ENABLE_STAND_PERMISSION)
values ('ABN_CNT', '异常款数', 0, null, null, null, null, null, 0, 0, 0, 0, 0, 0, 0, 0, 0, null, null, '10', null, null, null, 0, 0, null, 0, null, 0, null, null, null, null, 1, 0, 0, null, null, null, null, null, null, 0);

insert into bw3.sys_field_list (FIELD_NAME, CAPTION, REQUIERED_FLAG, INPUT_HINT, VALID_CHARS, INVALID_CHARS, CHECK_EXPRESS, CHECK_MESSAGE, READ_ONLY_FLAG, NO_EDIT, NO_COPY, NO_SUM, NO_SORT, ALIGNMENT, MAX_LENGTH, MIN_LENGTH, DISPLAY_WIDTH, DISPLAY_FORMAT, EDIT_FORMT, DATA_TYPE, MAX_VALUE, MIN_VALUE, DEFAULT_VALUE, IME_CARE, IME_OPEN, VALUE_LISTS, VALUE_LIST_TYPE, HYPER_RES, MULTI_VALUE_FLAG, TRUE_EXPR, FALSE_EXPR, NAME_RULE_FLAG, NAME_RULE_ID, DATA_TYPE_FLAG, ALLOW_SCAN, VALUE_ENCRYPT, VALUE_SENSITIVE, OPERATOR_FLAG, VALUE_DISPLAY_STYLE, TO_ITEM_ID, VALUE_SENSITIVE_REPLACEMENT, STORE_SOURCE, ENABLE_STAND_PERMISSION)
values ('ABN_ORDER_CNT', '异常订单数', 0, null, null, null, null, null, 0, 0, 0, 0, 0, 0, 0, 0, 0, null, null, '10', null, null, null, 0, 0, null, 0, null, 0, null, null, null, null, 1, 0, 0, null, null, null, null, null, null, 0);

insert into bw3.sys_field_list (FIELD_NAME, CAPTION, REQUIERED_FLAG, INPUT_HINT, VALID_CHARS, INVALID_CHARS, CHECK_EXPRESS, CHECK_MESSAGE, READ_ONLY_FLAG, NO_EDIT, NO_COPY, NO_SUM, NO_SORT, ALIGNMENT, MAX_LENGTH, MIN_LENGTH, DISPLAY_WIDTH, DISPLAY_FORMAT, EDIT_FORMT, DATA_TYPE, MAX_VALUE, MIN_VALUE, DEFAULT_VALUE, IME_CARE, IME_OPEN, VALUE_LISTS, VALUE_LIST_TYPE, HYPER_RES, MULTI_VALUE_FLAG, TRUE_EXPR, FALSE_EXPR, NAME_RULE_FLAG, NAME_RULE_ID, DATA_TYPE_FLAG, ALLOW_SCAN, VALUE_ENCRYPT, VALUE_SENSITIVE, OPERATOR_FLAG, VALUE_DISPLAY_STYLE, TO_ITEM_ID, VALUE_SENSITIVE_REPLACEMENT, STORE_SOURCE, ENABLE_STAND_PERMISSION)
values ('AMT_PRICE', '同期入仓定价金额', 0, null, null, null, null, null, 0, 0, 0, 0, 0, 0, null, null, null, null, null, null, null, null, null, 0, 0, null, null, null, null, null, null, null, null, 1, null, null, null, null, null, null, null, null, null);

insert into bw3.sys_field_list (FIELD_NAME, CAPTION, REQUIERED_FLAG, INPUT_HINT, VALID_CHARS, INVALID_CHARS, CHECK_EXPRESS, CHECK_MESSAGE, READ_ONLY_FLAG, NO_EDIT, NO_COPY, NO_SUM, NO_SORT, ALIGNMENT, MAX_LENGTH, MIN_LENGTH, DISPLAY_WIDTH, DISPLAY_FORMAT, EDIT_FORMT, DATA_TYPE, MAX_VALUE, MIN_VALUE, DEFAULT_VALUE, IME_CARE, IME_OPEN, VALUE_LISTS, VALUE_LIST_TYPE, HYPER_RES, MULTI_VALUE_FLAG, TRUE_EXPR, FALSE_EXPR, NAME_RULE_FLAG, NAME_RULE_ID, DATA_TYPE_FLAG, ALLOW_SCAN, VALUE_ENCRYPT, VALUE_SENSITIVE, OPERATOR_FLAG, VALUE_DISPLAY_STYLE, TO_ITEM_ID, VALUE_SENSITIVE_REPLACEMENT, STORE_SOURCE, ENABLE_STAND_PERMISSION)
values ('ANOMALY_CLASS_NAME', '异常分类', 0, null, null, null, null, null, 0, 0, 0, null, 0, 3, null, null, null, null, null, null, null, null, null, 0, 0, null, null, null, null, null, null, null, null, null, null, null, null, null, null, null, null, null, null);

insert into bw3.sys_field_list (FIELD_NAME, CAPTION, REQUIERED_FLAG, INPUT_HINT, VALID_CHARS, INVALID_CHARS, CHECK_EXPRESS, CHECK_MESSAGE, READ_ONLY_FLAG, NO_EDIT, NO_COPY, NO_SUM, NO_SORT, ALIGNMENT, MAX_LENGTH, MIN_LENGTH, DISPLAY_WIDTH, DISPLAY_FORMAT, EDIT_FORMT, DATA_TYPE, MAX_VALUE, MIN_VALUE, DEFAULT_VALUE, IME_CARE, IME_OPEN, VALUE_LISTS, VALUE_LIST_TYPE, HYPER_RES, MULTI_VALUE_FLAG, TRUE_EXPR, FALSE_EXPR, NAME_RULE_FLAG, NAME_RULE_ID, DATA_TYPE_FLAG, ALLOW_SCAN, VALUE_ENCRYPT, VALUE_SENSITIVE, OPERATOR_FLAG, VALUE_DISPLAY_STYLE, TO_ITEM_ID, VALUE_SENSITIVE_REPLACEMENT, STORE_SOURCE, ENABLE_STAND_PERMISSION)
values ('DBRECEIPT', '担保收货', 0, null, null, null, null, null, 0, 0, 0, 0, 0, 0, 0, 0, 0, null, null, '10', null, null, null, 0, 0, null, 0, null, 0, null, null, null, null, 1, 0, 0, null, null, null, null, null, null, 0);

insert into bw3.sys_field_list (FIELD_NAME, CAPTION, REQUIERED_FLAG, INPUT_HINT, VALID_CHARS, INVALID_CHARS, CHECK_EXPRESS, CHECK_MESSAGE, READ_ONLY_FLAG, NO_EDIT, NO_COPY, NO_SUM, NO_SORT, ALIGNMENT, MAX_LENGTH, MIN_LENGTH, DISPLAY_WIDTH, DISPLAY_FORMAT, EDIT_FORMT, DATA_TYPE, MAX_VALUE, MIN_VALUE, DEFAULT_VALUE, IME_CARE, IME_OPEN, VALUE_LISTS, VALUE_LIST_TYPE, HYPER_RES, MULTI_VALUE_FLAG, TRUE_EXPR, FALSE_EXPR, NAME_RULE_FLAG, NAME_RULE_ID, DATA_TYPE_FLAG, ALLOW_SCAN, VALUE_ENCRYPT, VALUE_SENSITIVE, OPERATOR_FLAG, VALUE_DISPLAY_STYLE, TO_ITEM_ID, VALUE_SENSITIVE_REPLACEMENT, STORE_SOURCE, ENABLE_STAND_PERMISSION)
values ('DXRECEIPT', '代销收货', 0, null, null, null, null, null, 0, 0, 0, 0, 0, 0, 0, 0, 0, null, null, '10', null, null, null, 0, 0, null, 0, null, 0, null, null, null, null, 1, 0, 0, null, null, null, null, null, null, 0);

insert into bw3.sys_field_list (FIELD_NAME, CAPTION, REQUIERED_FLAG, INPUT_HINT, VALID_CHARS, INVALID_CHARS, CHECK_EXPRESS, CHECK_MESSAGE, READ_ONLY_FLAG, NO_EDIT, NO_COPY, NO_SUM, NO_SORT, ALIGNMENT, MAX_LENGTH, MIN_LENGTH, DISPLAY_WIDTH, DISPLAY_FORMAT, EDIT_FORMT, DATA_TYPE, MAX_VALUE, MIN_VALUE, DEFAULT_VALUE, IME_CARE, IME_OPEN, VALUE_LISTS, VALUE_LIST_TYPE, HYPER_RES, MULTI_VALUE_FLAG, TRUE_EXPR, FALSE_EXPR, NAME_RULE_FLAG, NAME_RULE_ID, DATA_TYPE_FLAG, ALLOW_SCAN, VALUE_ENCRYPT, VALUE_SENSITIVE, OPERATOR_FLAG, VALUE_DISPLAY_STYLE, TO_ITEM_ID, VALUE_SENSITIVE_REPLACEMENT, STORE_SOURCE, ENABLE_STAND_PERMISSION)
values ('FGRECEIPT', '返工', 0, null, null, null, null, null, 0, 0, 0, 0, 0, 0, 0, 0, 0, null, null, '10', null, null, null, 0, 0, null, 0, null, 0, null, null, null, null, 1, 0, 0, null, null, null, null, null, null, 0);

insert into bw3.sys_field_list (FIELD_NAME, CAPTION, REQUIERED_FLAG, INPUT_HINT, VALID_CHARS, INVALID_CHARS, CHECK_EXPRESS, CHECK_MESSAGE, READ_ONLY_FLAG, NO_EDIT, NO_COPY, NO_SUM, NO_SORT, ALIGNMENT, MAX_LENGTH, MIN_LENGTH, DISPLAY_WIDTH, DISPLAY_FORMAT, EDIT_FORMT, DATA_TYPE, MAX_VALUE, MIN_VALUE, DEFAULT_VALUE, IME_CARE, IME_OPEN, VALUE_LISTS, VALUE_LIST_TYPE, HYPER_RES, MULTI_VALUE_FLAG, TRUE_EXPR, FALSE_EXPR, NAME_RULE_FLAG, NAME_RULE_ID, DATA_TYPE_FLAG, ALLOW_SCAN, VALUE_ENCRYPT, VALUE_SENSITIVE, OPERATOR_FLAG, VALUE_DISPLAY_STYLE, TO_ITEM_ID, VALUE_SENSITIVE_REPLACEMENT, STORE_SOURCE, ENABLE_STAND_PERMISSION)
values ('JGRECEIPT', '警告收货', 0, null, null, null, null, null, 0, 0, 0, 0, 0, 0, 0, 0, 0, null, null, '10', null, null, null, 0, 0, null, 0, null, 0, null, null, null, null, 1, 0, 0, null, null, null, null, null, null, 0);

insert into bw3.sys_field_list (FIELD_NAME, CAPTION, REQUIERED_FLAG, INPUT_HINT, VALID_CHARS, INVALID_CHARS, CHECK_EXPRESS, CHECK_MESSAGE, READ_ONLY_FLAG, NO_EDIT, NO_COPY, NO_SUM, NO_SORT, ALIGNMENT, MAX_LENGTH, MIN_LENGTH, DISPLAY_WIDTH, DISPLAY_FORMAT, EDIT_FORMT, DATA_TYPE, MAX_VALUE, MIN_VALUE, DEFAULT_VALUE, IME_CARE, IME_OPEN, VALUE_LISTS, VALUE_LIST_TYPE, HYPER_RES, MULTI_VALUE_FLAG, TRUE_EXPR, FALSE_EXPR, NAME_RULE_FLAG, NAME_RULE_ID, DATA_TYPE_FLAG, ALLOW_SCAN, VALUE_ENCRYPT, VALUE_SENSITIVE, OPERATOR_FLAG, VALUE_DISPLAY_STYLE, TO_ITEM_ID, VALUE_SENSITIVE_REPLACEMENT, STORE_SOURCE, ENABLE_STAND_PERMISSION)
values ('JLRECEIPT', '减量', 0, null, null, null, null, null, 0, 0, 0, 0, 0, 0, 0, 0, 0, null, null, '10', null, null, null, 0, 0, null, 0, null, 0, null, null, null, null, 1, 0, 0, null, null, null, null, null, null, 0);

insert into bw3.sys_field_list (FIELD_NAME, CAPTION, REQUIERED_FLAG, INPUT_HINT, VALID_CHARS, INVALID_CHARS, CHECK_EXPRESS, CHECK_MESSAGE, READ_ONLY_FLAG, NO_EDIT, NO_COPY, NO_SUM, NO_SORT, ALIGNMENT, MAX_LENGTH, MIN_LENGTH, DISPLAY_WIDTH, DISPLAY_FORMAT, EDIT_FORMT, DATA_TYPE, MAX_VALUE, MIN_VALUE, DEFAULT_VALUE, IME_CARE, IME_OPEN, VALUE_LISTS, VALUE_LIST_TYPE, HYPER_RES, MULTI_VALUE_FLAG, TRUE_EXPR, FALSE_EXPR, NAME_RULE_FLAG, NAME_RULE_ID, DATA_TYPE_FLAG, ALLOW_SCAN, VALUE_ENCRYPT, VALUE_SENSITIVE, OPERATOR_FLAG, VALUE_DISPLAY_STYLE, TO_ITEM_ID, VALUE_SENSITIVE_REPLACEMENT, STORE_SOURCE, ENABLE_STAND_PERMISSION)
values ('JSRECEIPT', '拒收', 0, null, null, null, null, null, 0, 0, 0, 0, 0, 0, 0, 0, 0, null, null, '10', null, null, null, 0, 0, null, 0, null, 0, null, null, null, null, 1, 0, 0, null, null, null, null, null, null, 0);

insert into bw3.sys_field_list (FIELD_NAME, CAPTION, REQUIERED_FLAG, INPUT_HINT, VALID_CHARS, INVALID_CHARS, CHECK_EXPRESS, CHECK_MESSAGE, READ_ONLY_FLAG, NO_EDIT, NO_COPY, NO_SUM, NO_SORT, ALIGNMENT, MAX_LENGTH, MIN_LENGTH, DISPLAY_WIDTH, DISPLAY_FORMAT, EDIT_FORMT, DATA_TYPE, MAX_VALUE, MIN_VALUE, DEFAULT_VALUE, IME_CARE, IME_OPEN, VALUE_LISTS, VALUE_LIST_TYPE, HYPER_RES, MULTI_VALUE_FLAG, TRUE_EXPR, FALSE_EXPR, NAME_RULE_FLAG, NAME_RULE_ID, DATA_TYPE_FLAG, ALLOW_SCAN, VALUE_ENCRYPT, VALUE_SENSITIVE, OPERATOR_FLAG, VALUE_DISPLAY_STYLE, TO_ITEM_ID, VALUE_SENSITIVE_REPLACEMENT, STORE_SOURCE, ENABLE_STAND_PERMISSION)
values ('KKRECEIPT', '扣款收货', 0, null, null, null, null, null, 0, 0, 0, 0, 0, 0, 0, 0, 0, null, null, '10', null, null, null, 0, 0, null, 0, null, 0, null, null, null, null, 1, 0, 0, null, null, null, null, null, null, 0);

insert into bw3.sys_field_list (FIELD_NAME, CAPTION, REQUIERED_FLAG, INPUT_HINT, VALID_CHARS, INVALID_CHARS, CHECK_EXPRESS, CHECK_MESSAGE, READ_ONLY_FLAG, NO_EDIT, NO_COPY, NO_SUM, NO_SORT, ALIGNMENT, MAX_LENGTH, MIN_LENGTH, DISPLAY_WIDTH, DISPLAY_FORMAT, EDIT_FORMT, DATA_TYPE, MAX_VALUE, MIN_VALUE, DEFAULT_VALUE, IME_CARE, IME_OPEN, VALUE_LISTS, VALUE_LIST_TYPE, HYPER_RES, MULTI_VALUE_FLAG, TRUE_EXPR, FALSE_EXPR, NAME_RULE_FLAG, NAME_RULE_ID, DATA_TYPE_FLAG, ALLOW_SCAN, VALUE_ENCRYPT, VALUE_SENSITIVE, OPERATOR_FLAG, VALUE_DISPLAY_STYLE, TO_ITEM_ID, VALUE_SENSITIVE_REPLACEMENT, STORE_SOURCE, ENABLE_STAND_PERMISSION)
values ('QXORDERS', '取消订单', 0, null, null, null, null, null, 0, 0, 0, 0, 0, 0, 0, 0, 0, null, null, '10', null, null, null, 0, 0, null, 0, null, 0, null, null, null, null, 1, 0, 0, null, null, null, null, null, null, 0);

insert into bw3.sys_field_list (FIELD_NAME, CAPTION, REQUIERED_FLAG, INPUT_HINT, VALID_CHARS, INVALID_CHARS, CHECK_EXPRESS, CHECK_MESSAGE, READ_ONLY_FLAG, NO_EDIT, NO_COPY, NO_SUM, NO_SORT, ALIGNMENT, MAX_LENGTH, MIN_LENGTH, DISPLAY_WIDTH, DISPLAY_FORMAT, EDIT_FORMT, DATA_TYPE, MAX_VALUE, MIN_VALUE, DEFAULT_VALUE, IME_CARE, IME_OPEN, VALUE_LISTS, VALUE_LIST_TYPE, HYPER_RES, MULTI_VALUE_FLAG, TRUE_EXPR, FALSE_EXPR, NAME_RULE_FLAG, NAME_RULE_ID, DATA_TYPE_FLAG, ALLOW_SCAN, VALUE_ENCRYPT, VALUE_SENSITIVE, OPERATOR_FLAG, VALUE_DISPLAY_STYLE, TO_ITEM_ID, VALUE_SENSITIVE_REPLACEMENT, STORE_SOURCE, ENABLE_STAND_PERMISSION)
values ('RBRECEIPT', '让步收货', 0, null, null, null, null, null, 0, 0, 0, 0, 0, 0, 0, 0, 0, null, null, '10', null, null, null, 0, 0, null, 0, null, 0, null, null, null, null, 1, 0, 0, null, null, null, null, null, null, 0);

insert into bw3.sys_field_list (FIELD_NAME, CAPTION, REQUIERED_FLAG, INPUT_HINT, VALID_CHARS, INVALID_CHARS, CHECK_EXPRESS, CHECK_MESSAGE, READ_ONLY_FLAG, NO_EDIT, NO_COPY, NO_SUM, NO_SORT, ALIGNMENT, MAX_LENGTH, MIN_LENGTH, DISPLAY_WIDTH, DISPLAY_FORMAT, EDIT_FORMT, DATA_TYPE, MAX_VALUE, MIN_VALUE, DEFAULT_VALUE, IME_CARE, IME_OPEN, VALUE_LISTS, VALUE_LIST_TYPE, HYPER_RES, MULTI_VALUE_FLAG, TRUE_EXPR, FALSE_EXPR, NAME_RULE_FLAG, NAME_RULE_ID, DATA_TYPE_FLAG, ALLOW_SCAN, VALUE_ENCRYPT, VALUE_SENSITIVE, OPERATOR_FLAG, VALUE_DISPLAY_STYLE, TO_ITEM_ID, VALUE_SENSITIVE_REPLACEMENT, STORE_SOURCE, ENABLE_STAND_PERMISSION)
values ('TWO_ABN_ORDER_CNT', '2次以上异常订单数', 0, null, null, null, null, null, 0, 0, 0, 0, 0, 0, 0, 0, 0, null, null, '10', null, null, null, 0, 0, null, 0, null, 0, null, null, null, null, 1, 0, 0, null, null, null, null, null, null, 0);

insert into bw3.sys_field_list (FIELD_NAME, CAPTION, REQUIERED_FLAG, INPUT_HINT, VALID_CHARS, INVALID_CHARS, CHECK_EXPRESS, CHECK_MESSAGE, READ_ONLY_FLAG, NO_EDIT, NO_COPY, NO_SUM, NO_SORT, ALIGNMENT, MAX_LENGTH, MIN_LENGTH, DISPLAY_WIDTH, DISPLAY_FORMAT, EDIT_FORMT, DATA_TYPE, MAX_VALUE, MIN_VALUE, DEFAULT_VALUE, IME_CARE, IME_OPEN, VALUE_LISTS, VALUE_LIST_TYPE, HYPER_RES, MULTI_VALUE_FLAG, TRUE_EXPR, FALSE_EXPR, NAME_RULE_FLAG, NAME_RULE_ID, DATA_TYPE_FLAG, ALLOW_SCAN, VALUE_ENCRYPT, VALUE_SENSITIVE, OPERATOR_FLAG, VALUE_DISPLAY_STYLE, TO_ITEM_ID, VALUE_SENSITIVE_REPLACEMENT, STORE_SOURCE, ENABLE_STAND_PERMISSION)
values ('TWO_ABN_PROPORTION', '2次以上异常单据占比', 0, null, null, null, null, null, 0, 0, 0, 0, 0, 0, null, null, null, '0.000', null, '14', null, null, null, 0, 0, null, null, null, null, null, null, null, null, 1, null, null, null, null, null, null, null, null, null);

insert into bw3.sys_field_list (FIELD_NAME, CAPTION, REQUIERED_FLAG, INPUT_HINT, VALID_CHARS, INVALID_CHARS, CHECK_EXPRESS, CHECK_MESSAGE, READ_ONLY_FLAG, NO_EDIT, NO_COPY, NO_SUM, NO_SORT, ALIGNMENT, MAX_LENGTH, MIN_LENGTH, DISPLAY_WIDTH, DISPLAY_FORMAT, EDIT_FORMT, DATA_TYPE, MAX_VALUE, MIN_VALUE, DEFAULT_VALUE, IME_CARE, IME_OPEN, VALUE_LISTS, VALUE_LIST_TYPE, HYPER_RES, MULTI_VALUE_FLAG, TRUE_EXPR, FALSE_EXPR, NAME_RULE_FLAG, NAME_RULE_ID, DATA_TYPE_FLAG, ALLOW_SCAN, VALUE_ENCRYPT, VALUE_SENSITIVE, OPERATOR_FLAG, VALUE_DISPLAY_STYLE, TO_ITEM_ID, VALUE_SENSITIVE_REPLACEMENT, STORE_SOURCE, ENABLE_STAND_PERMISSION)
values ('YZJGRECEIPT', '严重警告收货', 0, null, null, null, null, null, 0, 0, 0, 0, 0, 0, 0, 0, 0, null, null, '10', null, null, null, 0, 0, null, 0, null, 0, null, null, null, null, 1, 0, 0, null, null, null, null, null, null, 0);

insert into bw3.sys_field_list (FIELD_NAME, CAPTION, REQUIERED_FLAG, INPUT_HINT, VALID_CHARS, INVALID_CHARS, CHECK_EXPRESS, CHECK_MESSAGE, READ_ONLY_FLAG, NO_EDIT, NO_COPY, NO_SUM, NO_SORT, ALIGNMENT, MAX_LENGTH, MIN_LENGTH, DISPLAY_WIDTH, DISPLAY_FORMAT, EDIT_FORMT, DATA_TYPE, MAX_VALUE, MIN_VALUE, DEFAULT_VALUE, IME_CARE, IME_OPEN, VALUE_LISTS, VALUE_LIST_TYPE, HYPER_RES, MULTI_VALUE_FLAG, TRUE_EXPR, FALSE_EXPR, NAME_RULE_FLAG, NAME_RULE_ID, DATA_TYPE_FLAG, ALLOW_SCAN, VALUE_ENCRYPT, VALUE_SENSITIVE, OPERATOR_FLAG, VALUE_DISPLAY_STYLE, TO_ITEM_ID, VALUE_SENSITIVE_REPLACEMENT, STORE_SOURCE, ENABLE_STAND_PERMISSION)
values ('FLW_ORDER_NAME', '跟单员', 0, null, null, null, null, null, 0, 0, 0, 0, 0, 0, 0, 0, 0, null, null, '0', null, null, null, 0, 0, null, 0, null, 0, null, null, null, null, null, 0, 0, null, null, null, null, null, null, 0);

insert into bw3.sys_field_list (FIELD_NAME, CAPTION, REQUIERED_FLAG, INPUT_HINT, VALID_CHARS, INVALID_CHARS, CHECK_EXPRESS, CHECK_MESSAGE, READ_ONLY_FLAG, NO_EDIT, NO_COPY, NO_SUM, NO_SORT, ALIGNMENT, MAX_LENGTH, MIN_LENGTH, DISPLAY_WIDTH, DISPLAY_FORMAT, EDIT_FORMT, DATA_TYPE, MAX_VALUE, MIN_VALUE, DEFAULT_VALUE, IME_CARE, IME_OPEN, VALUE_LISTS, VALUE_LIST_TYPE, HYPER_RES, MULTI_VALUE_FLAG, TRUE_EXPR, FALSE_EXPR, NAME_RULE_FLAG, NAME_RULE_ID, DATA_TYPE_FLAG, ALLOW_SCAN, VALUE_ENCRYPT, VALUE_SENSITIVE, OPERATOR_FLAG, VALUE_DISPLAY_STYLE, TO_ITEM_ID, VALUE_SENSITIVE_REPLACEMENT, STORE_SOURCE, ENABLE_STAND_PERMISSION)
values ('QC_NAME', 'QC', 0, null, null, null, null, null, 0, 0, 0, 0, 0, 0, 0, 0, 0, null, null, '0', null, null, null, 0, 0, null, 0, null, 0, null, null, null, null, null, 0, 0, null, null, null, null, null, null, 0);

insert into bw3.SYS_FIELD_LIST (FIELD_NAME, CAPTION, REQUIERED_FLAG, INPUT_HINT, VALID_CHARS, INVALID_CHARS, CHECK_EXPRESS, CHECK_MESSAGE, READ_ONLY_FLAG, NO_EDIT, NO_COPY, NO_SUM, NO_SORT, ALIGNMENT, MAX_LENGTH, MIN_LENGTH, DISPLAY_WIDTH, DISPLAY_FORMAT, EDIT_FORMT, DATA_TYPE, MAX_VALUE, MIN_VALUE, DEFAULT_VALUE, IME_CARE, IME_OPEN, VALUE_LISTS, VALUE_LIST_TYPE, HYPER_RES, MULTI_VALUE_FLAG, TRUE_EXPR, FALSE_EXPR, NAME_RULE_FLAG, NAME_RULE_ID, DATA_TYPE_FLAG, ALLOW_SCAN, VALUE_ENCRYPT, VALUE_SENSITIVE, OPERATOR_FLAG, VALUE_DISPLAY_STYLE, TO_ITEM_ID, VALUE_SENSITIVE_REPLACEMENT, STORE_SOURCE, ENABLE_STAND_PERMISSION)
values ('ABN_BEGIN_TIME', '开始时间', 0, null, null, null, null, null, 0, 0, 0, null, 0, 3, null, null, null, null, null, '12', null, null, null, 0, 0, null, null, null, null, null, null, null, null, null, null, null, null, null, null, null, null, null, null);

insert into bw3.SYS_FIELD_LIST (FIELD_NAME, CAPTION, REQUIERED_FLAG, INPUT_HINT, VALID_CHARS, INVALID_CHARS, CHECK_EXPRESS, CHECK_MESSAGE, READ_ONLY_FLAG, NO_EDIT, NO_COPY, NO_SUM, NO_SORT, ALIGNMENT, MAX_LENGTH, MIN_LENGTH, DISPLAY_WIDTH, DISPLAY_FORMAT, EDIT_FORMT, DATA_TYPE, MAX_VALUE, MIN_VALUE, DEFAULT_VALUE, IME_CARE, IME_OPEN, VALUE_LISTS, VALUE_LIST_TYPE, HYPER_RES, MULTI_VALUE_FLAG, TRUE_EXPR, FALSE_EXPR, NAME_RULE_FLAG, NAME_RULE_ID, DATA_TYPE_FLAG, ALLOW_SCAN, VALUE_ENCRYPT, VALUE_SENSITIVE, OPERATOR_FLAG, VALUE_DISPLAY_STYLE, TO_ITEM_ID, VALUE_SENSITIVE_REPLACEMENT, STORE_SOURCE, ENABLE_STAND_PERMISSION)
values ('ABN_END_TIME', '结束时间', 0, null, null, null, null, null, 0, 0, 0, null, 0, 3, null, null, null, null, null, '12', null, null, null, 0, 0, null, null, null, null, null, null, null, null, null, null, null, null, null, null, null, null, null, null);

insert into bw3.SYS_FIELD_LIST (FIELD_NAME, CAPTION, REQUIERED_FLAG, INPUT_HINT, VALID_CHARS, INVALID_CHARS, CHECK_EXPRESS, CHECK_MESSAGE, READ_ONLY_FLAG, NO_EDIT, NO_COPY, NO_SUM, NO_SORT, ALIGNMENT, MAX_LENGTH, MIN_LENGTH, DISPLAY_WIDTH, DISPLAY_FORMAT, EDIT_FORMT, DATA_TYPE, MAX_VALUE, MIN_VALUE, DEFAULT_VALUE, IME_CARE, IME_OPEN, VALUE_LISTS, VALUE_LIST_TYPE, HYPER_RES, MULTI_VALUE_FLAG, TRUE_EXPR, FALSE_EXPR, NAME_RULE_FLAG, NAME_RULE_ID, DATA_TYPE_FLAG, ALLOW_SCAN, VALUE_ENCRYPT, VALUE_SENSITIVE, OPERATOR_FLAG, VALUE_DISPLAY_STYLE, TO_ITEM_ID, VALUE_SENSITIVE_REPLACEMENT, STORE_SOURCE, ENABLE_STAND_PERMISSION)
values ('RDL_BEGIN_TIME', '开始时间', 0, null, null, null, null, null, 1, 1, 0, 0, 0, 0, 0, 0, 0, 'yyyy-MM-dd', null, '12', null, null, null, 0, 0, null, 0, null, 0, null, null, null, null, null, 0, 0, null, null, null, null, null, null, 0);

insert into bw3.SYS_FIELD_LIST (FIELD_NAME, CAPTION, REQUIERED_FLAG, INPUT_HINT, VALID_CHARS, INVALID_CHARS, CHECK_EXPRESS, CHECK_MESSAGE, READ_ONLY_FLAG, NO_EDIT, NO_COPY, NO_SUM, NO_SORT, ALIGNMENT, MAX_LENGTH, MIN_LENGTH, DISPLAY_WIDTH, DISPLAY_FORMAT, EDIT_FORMT, DATA_TYPE, MAX_VALUE, MIN_VALUE, DEFAULT_VALUE, IME_CARE, IME_OPEN, VALUE_LISTS, VALUE_LIST_TYPE, HYPER_RES, MULTI_VALUE_FLAG, TRUE_EXPR, FALSE_EXPR, NAME_RULE_FLAG, NAME_RULE_ID, DATA_TYPE_FLAG, ALLOW_SCAN, VALUE_ENCRYPT, VALUE_SENSITIVE, OPERATOR_FLAG, VALUE_DISPLAY_STYLE, TO_ITEM_ID, VALUE_SENSITIVE_REPLACEMENT, STORE_SOURCE, ENABLE_STAND_PERMISSION)
values ('RDL_END_TIME', '结束时间', 0, null, null, null, null, null, 1, 1, 0, 0, 0, 0, 0, 0, 0, 'yyyy-MM-dd', null, '12', null, null, null, 0, 0, null, 0, null, 0, null, null, null, null, null, 0, 0, null, null, null, null, null, null, 0);

end;
/* 
begin
 insert into bw3.sys_field_list (FIELD_NAME, CAPTION, REQUIERED_FLAG, INPUT_HINT, VALID_CHARS, INVALID_CHARS, CHECK_EXPRESS, CHECK_MESSAGE, READ_ONLY_FLAG, NO_EDIT, NO_COPY, NO_SUM, NO_SORT, ALIGNMENT, MAX_LENGTH, MIN_LENGTH, DISPLAY_WIDTH, DISPLAY_FORMAT, EDIT_FORMT, DATA_TYPE, MAX_VALUE, MIN_VALUE, DEFAULT_VALUE, IME_CARE, IME_OPEN, VALUE_LISTS, VALUE_LIST_TYPE, HYPER_RES, MULTI_VALUE_FLAG, TRUE_EXPR, FALSE_EXPR, NAME_RULE_FLAG, NAME_RULE_ID, DATA_TYPE_FLAG, ALLOW_SCAN, VALUE_ENCRYPT, VALUE_SENSITIVE, OPERATOR_FLAG, VALUE_DISPLAY_STYLE, TO_ITEM_ID, VALUE_SENSITIVE_REPLACEMENT, STORE_SOURCE, ENABLE_STAND_PERMISSION)
values ('ABNORMAL_CODE', '异常编号', 0, null, null, null, null, null, 0, 0, 0, null, 0, 3, null, null, null, null, null, null, null, null, null, 0, 0, null, null, null, null, null, null, null, null, null, null, null, null, null, null, null, null, null, null);

insert into bw3.sys_field_list (FIELD_NAME, CAPTION, REQUIERED_FLAG, INPUT_HINT, VALID_CHARS, INVALID_CHARS, CHECK_EXPRESS, CHECK_MESSAGE, READ_ONLY_FLAG, NO_EDIT, NO_COPY, NO_SUM, NO_SORT, ALIGNMENT, MAX_LENGTH, MIN_LENGTH, DISPLAY_WIDTH, DISPLAY_FORMAT, EDIT_FORMT, DATA_TYPE, MAX_VALUE, MIN_VALUE, DEFAULT_VALUE, IME_CARE, IME_OPEN, VALUE_LISTS, VALUE_LIST_TYPE, HYPER_RES, MULTI_VALUE_FLAG, TRUE_EXPR, FALSE_EXPR, NAME_RULE_FLAG, NAME_RULE_ID, DATA_TYPE_FLAG, ALLOW_SCAN, VALUE_ENCRYPT, VALUE_SENSITIVE, OPERATOR_FLAG, VALUE_DISPLAY_STYLE, TO_ITEM_ID, VALUE_SENSITIVE_REPLACEMENT, STORE_SOURCE, ENABLE_STAND_PERMISSION)
values ('ABNORMAL_CODE_CP', '异常单编码', 1, null, null, null, null, null, 0, 0, 0, null, 0, 3, null, null, null, null, null, null, null, null, null, 0, 0, null, null, null, null, null, null, null, null, 1, null, null, null, null, null, null, null, null, null);

insert into bw3.sys_field_list (FIELD_NAME, CAPTION, REQUIERED_FLAG, INPUT_HINT, VALID_CHARS, INVALID_CHARS, CHECK_EXPRESS, CHECK_MESSAGE, READ_ONLY_FLAG, NO_EDIT, NO_COPY, NO_SUM, NO_SORT, ALIGNMENT, MAX_LENGTH, MIN_LENGTH, DISPLAY_WIDTH, DISPLAY_FORMAT, EDIT_FORMT, DATA_TYPE, MAX_VALUE, MIN_VALUE, DEFAULT_VALUE, IME_CARE, IME_OPEN, VALUE_LISTS, VALUE_LIST_TYPE, HYPER_RES, MULTI_VALUE_FLAG, TRUE_EXPR, FALSE_EXPR, NAME_RULE_FLAG, NAME_RULE_ID, DATA_TYPE_FLAG, ALLOW_SCAN, VALUE_ENCRYPT, VALUE_SENSITIVE, OPERATOR_FLAG, VALUE_DISPLAY_STYLE, TO_ITEM_ID, VALUE_SENSITIVE_REPLACEMENT, STORE_SOURCE, ENABLE_STAND_PERMISSION)
values ('ABNORMAL_CODE_PR', '异常处理编码 ', 0, null, null, null, null, null, 0, 0, 0, null, 0, 3, null, null, null, null, null, null, null, null, null, 0, 0, null, null, null, null, null, null, null, null, 1, null, null, null, null, null, null, null, null, null);

insert into bw3.sys_field_list (FIELD_NAME, CAPTION, REQUIERED_FLAG, INPUT_HINT, VALID_CHARS, INVALID_CHARS, CHECK_EXPRESS, CHECK_MESSAGE, READ_ONLY_FLAG, NO_EDIT, NO_COPY, NO_SUM, NO_SORT, ALIGNMENT, MAX_LENGTH, MIN_LENGTH, DISPLAY_WIDTH, DISPLAY_FORMAT, EDIT_FORMT, DATA_TYPE, MAX_VALUE, MIN_VALUE, DEFAULT_VALUE, IME_CARE, IME_OPEN, VALUE_LISTS, VALUE_LIST_TYPE, HYPER_RES, MULTI_VALUE_FLAG, TRUE_EXPR, FALSE_EXPR, NAME_RULE_FLAG, NAME_RULE_ID, DATA_TYPE_FLAG, ALLOW_SCAN, VALUE_ENCRYPT, VALUE_SENSITIVE, OPERATOR_FLAG, VALUE_DISPLAY_STYLE, TO_ITEM_ID, VALUE_SENSITIVE_REPLACEMENT, STORE_SOURCE, ENABLE_STAND_PERMISSION)
values ('ABNORMAL_NAME', '异常处理模型名称', 1, null, null, null, null, null, 0, 0, 0, null, 0, 3, null, null, null, null, null, null, null, null, null, 0, 0, null, null, null, null, null, null, null, null, null, null, null, null, null, null, null, null, null, null);

insert into bw3.sys_field_list (FIELD_NAME, CAPTION, REQUIERED_FLAG, INPUT_HINT, VALID_CHARS, INVALID_CHARS, CHECK_EXPRESS, CHECK_MESSAGE, READ_ONLY_FLAG, NO_EDIT, NO_COPY, NO_SUM, NO_SORT, ALIGNMENT, MAX_LENGTH, MIN_LENGTH, DISPLAY_WIDTH, DISPLAY_FORMAT, EDIT_FORMT, DATA_TYPE, MAX_VALUE, MIN_VALUE, DEFAULT_VALUE, IME_CARE, IME_OPEN, VALUE_LISTS, VALUE_LIST_TYPE, HYPER_RES, MULTI_VALUE_FLAG, TRUE_EXPR, FALSE_EXPR, NAME_RULE_FLAG, NAME_RULE_ID, DATA_TYPE_FLAG, ALLOW_SCAN, VALUE_ENCRYPT, VALUE_SENSITIVE, OPERATOR_FLAG, VALUE_DISPLAY_STYLE, TO_ITEM_ID, VALUE_SENSITIVE_REPLACEMENT, STORE_SOURCE, ENABLE_STAND_PERMISSION)
values ('ABNORMAL_CONFIG_CODE', '模型编号', 0, null, null, null, null, null, 0, 0, 0, null, 0, 3, null, null, null, null, null, null, null, null, null, 0, 0, null, null, null, null, null, null, null, null, null, null, null, null, null, null, null, null, null, null);

insert into bw3.sys_field_list (FIELD_NAME, CAPTION, REQUIERED_FLAG, INPUT_HINT, VALID_CHARS, INVALID_CHARS, CHECK_EXPRESS, CHECK_MESSAGE, READ_ONLY_FLAG, NO_EDIT, NO_COPY, NO_SUM, NO_SORT, ALIGNMENT, MAX_LENGTH, MIN_LENGTH, DISPLAY_WIDTH, DISPLAY_FORMAT, EDIT_FORMT, DATA_TYPE, MAX_VALUE, MIN_VALUE, DEFAULT_VALUE, IME_CARE, IME_OPEN, VALUE_LISTS, VALUE_LIST_TYPE, HYPER_RES, MULTI_VALUE_FLAG, TRUE_EXPR, FALSE_EXPR, NAME_RULE_FLAG, NAME_RULE_ID, DATA_TYPE_FLAG, ALLOW_SCAN, VALUE_ENCRYPT, VALUE_SENSITIVE, OPERATOR_FLAG, VALUE_DISPLAY_STYLE, TO_ITEM_ID, VALUE_SENSITIVE_REPLACEMENT, STORE_SOURCE, ENABLE_STAND_PERMISSION)
values ('ABN_SUM_PROPOTION', '占比(%)', 0, null, null, null, null, null, 0, 0, 0, 0, 0, 0, null, null, null, '0.000', null, '14', null, null, null, 0, 0, null, null, null, null, null, null, null, null, 1, null, null, null, null, null, null, null, null, null);

insert into bw3.sys_field_list (FIELD_NAME, CAPTION, REQUIERED_FLAG, INPUT_HINT, VALID_CHARS, INVALID_CHARS, CHECK_EXPRESS, CHECK_MESSAGE, READ_ONLY_FLAG, NO_EDIT, NO_COPY, NO_SUM, NO_SORT, ALIGNMENT, MAX_LENGTH, MIN_LENGTH, DISPLAY_WIDTH, DISPLAY_FORMAT, EDIT_FORMT, DATA_TYPE, MAX_VALUE, MIN_VALUE, DEFAULT_VALUE, IME_CARE, IME_OPEN, VALUE_LISTS, VALUE_LIST_TYPE, HYPER_RES, MULTI_VALUE_FLAG, TRUE_EXPR, FALSE_EXPR, NAME_RULE_FLAG, NAME_RULE_ID, DATA_TYPE_FLAG, ALLOW_SCAN, VALUE_ENCRYPT, VALUE_SENSITIVE, OPERATOR_FLAG, VALUE_DISPLAY_STYLE, TO_ITEM_ID, VALUE_SENSITIVE_REPLACEMENT, STORE_SOURCE, ENABLE_STAND_PERMISSION)
values ('ABN_MONEY', '异常金额', 0, null, null, null, null, null, 0, 0, 0, 0, 0, 0, 0, 0, 0, '0.00', null, '10', null, null, null, 0, 0, null, 0, null, 0, null, null, null, null, 1, 0, 0, null, null, null, null, null, null, 0);

insert into bw3.sys_field_list (FIELD_NAME, CAPTION, REQUIERED_FLAG, INPUT_HINT, VALID_CHARS, INVALID_CHARS, CHECK_EXPRESS, CHECK_MESSAGE, READ_ONLY_FLAG, NO_EDIT, NO_COPY, NO_SUM, NO_SORT, ALIGNMENT, MAX_LENGTH, MIN_LENGTH, DISPLAY_WIDTH, DISPLAY_FORMAT, EDIT_FORMT, DATA_TYPE, MAX_VALUE, MIN_VALUE, DEFAULT_VALUE, IME_CARE, IME_OPEN, VALUE_LISTS, VALUE_LIST_TYPE, HYPER_RES, MULTI_VALUE_FLAG, TRUE_EXPR, FALSE_EXPR, NAME_RULE_FLAG, NAME_RULE_ID, DATA_TYPE_FLAG, ALLOW_SCAN, VALUE_ENCRYPT, VALUE_SENSITIVE, OPERATOR_FLAG, VALUE_DISPLAY_STYLE, TO_ITEM_ID, VALUE_SENSITIVE_REPLACEMENT, STORE_SOURCE, ENABLE_STAND_PERMISSION)
values ('ABN_MONEY_PROPOTION', '异常占比(%)', 0, null, null, null, null, null, 0, 0, 0, 0, 0, 0, null, null, null, '0.000', null, '14', null, null, null, 0, 0, null, null, null, null, null, null, null, null, 1, null, null, null, null, null, null, null, null, null);

insert into bw3.sys_field_list (FIELD_NAME, CAPTION, REQUIERED_FLAG, INPUT_HINT, VALID_CHARS, INVALID_CHARS, CHECK_EXPRESS, CHECK_MESSAGE, READ_ONLY_FLAG, NO_EDIT, NO_COPY, NO_SUM, NO_SORT, ALIGNMENT, MAX_LENGTH, MIN_LENGTH, DISPLAY_WIDTH, DISPLAY_FORMAT, EDIT_FORMT, DATA_TYPE, MAX_VALUE, MIN_VALUE, DEFAULT_VALUE, IME_CARE, IME_OPEN, VALUE_LISTS, VALUE_LIST_TYPE, HYPER_RES, MULTI_VALUE_FLAG, TRUE_EXPR, FALSE_EXPR, NAME_RULE_FLAG, NAME_RULE_ID, DATA_TYPE_FLAG, ALLOW_SCAN, VALUE_ENCRYPT, VALUE_SENSITIVE, OPERATOR_FLAG, VALUE_DISPLAY_STYLE, TO_ITEM_ID, VALUE_SENSITIVE_REPLACEMENT, STORE_SOURCE, ENABLE_STAND_PERMISSION)
values ('ABN_CNT', '异常款数', 0, null, null, null, null, null, 0, 0, 0, 0, 0, 0, 0, 0, 0, null, null, '10', null, null, null, 0, 0, null, 0, null, 0, null, null, null, null, 1, 0, 0, null, null, null, null, null, null, 0);

insert into bw3.sys_field_list (FIELD_NAME, CAPTION, REQUIERED_FLAG, INPUT_HINT, VALID_CHARS, INVALID_CHARS, CHECK_EXPRESS, CHECK_MESSAGE, READ_ONLY_FLAG, NO_EDIT, NO_COPY, NO_SUM, NO_SORT, ALIGNMENT, MAX_LENGTH, MIN_LENGTH, DISPLAY_WIDTH, DISPLAY_FORMAT, EDIT_FORMT, DATA_TYPE, MAX_VALUE, MIN_VALUE, DEFAULT_VALUE, IME_CARE, IME_OPEN, VALUE_LISTS, VALUE_LIST_TYPE, HYPER_RES, MULTI_VALUE_FLAG, TRUE_EXPR, FALSE_EXPR, NAME_RULE_FLAG, NAME_RULE_ID, DATA_TYPE_FLAG, ALLOW_SCAN, VALUE_ENCRYPT, VALUE_SENSITIVE, OPERATOR_FLAG, VALUE_DISPLAY_STYLE, TO_ITEM_ID, VALUE_SENSITIVE_REPLACEMENT, STORE_SOURCE, ENABLE_STAND_PERMISSION)
values ('ABN_ORDER_CNT', '异常订单数', 0, null, null, null, null, null, 0, 0, 0, 0, 0, 0, 0, 0, 0, null, null, '10', null, null, null, 0, 0, null, 0, null, 0, null, null, null, null, 1, 0, 0, null, null, null, null, null, null, 0);

insert into bw3.sys_field_list (FIELD_NAME, CAPTION, REQUIERED_FLAG, INPUT_HINT, VALID_CHARS, INVALID_CHARS, CHECK_EXPRESS, CHECK_MESSAGE, READ_ONLY_FLAG, NO_EDIT, NO_COPY, NO_SUM, NO_SORT, ALIGNMENT, MAX_LENGTH, MIN_LENGTH, DISPLAY_WIDTH, DISPLAY_FORMAT, EDIT_FORMT, DATA_TYPE, MAX_VALUE, MIN_VALUE, DEFAULT_VALUE, IME_CARE, IME_OPEN, VALUE_LISTS, VALUE_LIST_TYPE, HYPER_RES, MULTI_VALUE_FLAG, TRUE_EXPR, FALSE_EXPR, NAME_RULE_FLAG, NAME_RULE_ID, DATA_TYPE_FLAG, ALLOW_SCAN, VALUE_ENCRYPT, VALUE_SENSITIVE, OPERATOR_FLAG, VALUE_DISPLAY_STYLE, TO_ITEM_ID, VALUE_SENSITIVE_REPLACEMENT, STORE_SOURCE, ENABLE_STAND_PERMISSION)
values ('TWO_ABN_ORDER_CNT', '2次以上异常订单数', 0, null, null, null, null, null, 0, 0, 0, 0, 0, 0, 0, 0, 0, null, null, '10', null, null, null, 0, 0, null, 0, null, 0, null, null, null, null, 1, 0, 0, null, null, null, null, null, null, 0);

insert into bw3.sys_field_list (FIELD_NAME, CAPTION, REQUIERED_FLAG, INPUT_HINT, VALID_CHARS, INVALID_CHARS, CHECK_EXPRESS, CHECK_MESSAGE, READ_ONLY_FLAG, NO_EDIT, NO_COPY, NO_SUM, NO_SORT, ALIGNMENT, MAX_LENGTH, MIN_LENGTH, DISPLAY_WIDTH, DISPLAY_FORMAT, EDIT_FORMT, DATA_TYPE, MAX_VALUE, MIN_VALUE, DEFAULT_VALUE, IME_CARE, IME_OPEN, VALUE_LISTS, VALUE_LIST_TYPE, HYPER_RES, MULTI_VALUE_FLAG, TRUE_EXPR, FALSE_EXPR, NAME_RULE_FLAG, NAME_RULE_ID, DATA_TYPE_FLAG, ALLOW_SCAN, VALUE_ENCRYPT, VALUE_SENSITIVE, OPERATOR_FLAG, VALUE_DISPLAY_STYLE, TO_ITEM_ID, VALUE_SENSITIVE_REPLACEMENT, STORE_SOURCE, ENABLE_STAND_PERMISSION)
values ('TWO_ABN_PROPORTION', '2次以上异常单据占比', 0, null, null, null, null, null, 0, 0, 0, 0, 0, 0, null, null, null, '0.000', null, '14', null, null, null, 0, 0, null, null, null, null, null, null, null, null, 1, null, null, null, null, null, null, null, null, null);

insert into bw3.sys_field_list (FIELD_NAME, CAPTION, REQUIERED_FLAG, INPUT_HINT, VALID_CHARS, INVALID_CHARS, CHECK_EXPRESS, CHECK_MESSAGE, READ_ONLY_FLAG, NO_EDIT, NO_COPY, NO_SUM, NO_SORT, ALIGNMENT, MAX_LENGTH, MIN_LENGTH, DISPLAY_WIDTH, DISPLAY_FORMAT, EDIT_FORMT, DATA_TYPE, MAX_VALUE, MIN_VALUE, DEFAULT_VALUE, IME_CARE, IME_OPEN, VALUE_LISTS, VALUE_LIST_TYPE, HYPER_RES, MULTI_VALUE_FLAG, TRUE_EXPR, FALSE_EXPR, NAME_RULE_FLAG, NAME_RULE_ID, DATA_TYPE_FLAG, ALLOW_SCAN, VALUE_ENCRYPT, VALUE_SENSITIVE, OPERATOR_FLAG, VALUE_DISPLAY_STYLE, TO_ITEM_ID, VALUE_SENSITIVE_REPLACEMENT, STORE_SOURCE, ENABLE_STAND_PERMISSION)
values ('ABN_ORDER_CNT_NL', '异常无原因订单数', 0, null, null, null, null, null, 1, 1, 0, 0, 0, 0, 0, 0, 0, null, null, '10', null, null, null, 0, 0, null, 0, null, 0, null, null, null, null, null, 0, 0, null, null, null, null, null, null, 0);

insert into bw3.sys_field_list (FIELD_NAME, CAPTION, REQUIERED_FLAG, INPUT_HINT, VALID_CHARS, INVALID_CHARS, CHECK_EXPRESS, CHECK_MESSAGE, READ_ONLY_FLAG, NO_EDIT, NO_COPY, NO_SUM, NO_SORT, ALIGNMENT, MAX_LENGTH, MIN_LENGTH, DISPLAY_WIDTH, DISPLAY_FORMAT, EDIT_FORMT, DATA_TYPE, MAX_VALUE, MIN_VALUE, DEFAULT_VALUE, IME_CARE, IME_OPEN, VALUE_LISTS, VALUE_LIST_TYPE, HYPER_RES, MULTI_VALUE_FLAG, TRUE_EXPR, FALSE_EXPR, NAME_RULE_FLAG, NAME_RULE_ID, DATA_TYPE_FLAG, ALLOW_SCAN, VALUE_ENCRYPT, VALUE_SENSITIVE, OPERATOR_FLAG, VALUE_DISPLAY_STYLE, TO_ITEM_ID, VALUE_SENSITIVE_REPLACEMENT, STORE_SOURCE, ENABLE_STAND_PERMISSION)
values ('ABN_ORDER_CNT_N', '异常有原因订单数', 0, null, null, null, null, null, 1, 1, 0, 0, 0, 0, 0, 0, 0, null, null, '10', null, null, null, 0, 0, null, 0, null, 0, null, null, null, null, null, 0, 0, null, null, null, null, null, null, 0);

insert into bw3.sys_field_list (FIELD_NAME, CAPTION, REQUIERED_FLAG, INPUT_HINT, VALID_CHARS, INVALID_CHARS, CHECK_EXPRESS, CHECK_MESSAGE, READ_ONLY_FLAG, NO_EDIT, NO_COPY, NO_SUM, NO_SORT, ALIGNMENT, MAX_LENGTH, MIN_LENGTH, DISPLAY_WIDTH, DISPLAY_FORMAT, EDIT_FORMT, DATA_TYPE, MAX_VALUE, MIN_VALUE, DEFAULT_VALUE, IME_CARE, IME_OPEN, VALUE_LISTS, VALUE_LIST_TYPE, HYPER_RES, MULTI_VALUE_FLAG, TRUE_EXPR, FALSE_EXPR, NAME_RULE_FLAG, NAME_RULE_ID, DATA_TYPE_FLAG, ALLOW_SCAN, VALUE_ENCRYPT, VALUE_SENSITIVE, OPERATOR_FLAG, VALUE_DISPLAY_STYLE, TO_ITEM_ID, VALUE_SENSITIVE_REPLACEMENT, STORE_SOURCE, ENABLE_STAND_PERMISSION)
values ('ABN_START_TIME', '开始时间', 0, null, null, null, null, null, 0, 0, 0, null, 0, 3, null, null, null, 'yyyy-MM-dd', null, '12', null, null, null, 0, 0, null, null, null, null, null, null, null, null, null, null, null, null, null, null, null, null, null, null);

insert into bw3.sys_field_list (FIELD_NAME, CAPTION, REQUIERED_FLAG, INPUT_HINT, VALID_CHARS, INVALID_CHARS, CHECK_EXPRESS, CHECK_MESSAGE, READ_ONLY_FLAG, NO_EDIT, NO_COPY, NO_SUM, NO_SORT, ALIGNMENT, MAX_LENGTH, MIN_LENGTH, DISPLAY_WIDTH, DISPLAY_FORMAT, EDIT_FORMT, DATA_TYPE, MAX_VALUE, MIN_VALUE, DEFAULT_VALUE, IME_CARE, IME_OPEN, VALUE_LISTS, VALUE_LIST_TYPE, HYPER_RES, MULTI_VALUE_FLAG, TRUE_EXPR, FALSE_EXPR, NAME_RULE_FLAG, NAME_RULE_ID, DATA_TYPE_FLAG, ALLOW_SCAN, VALUE_ENCRYPT, VALUE_SENSITIVE, OPERATOR_FLAG, VALUE_DISPLAY_STYLE, TO_ITEM_ID, VALUE_SENSITIVE_REPLACEMENT, STORE_SOURCE, ENABLE_STAND_PERMISSION)
values ('ABN_END_TIME', '结束时间', 0, null, null, null, null, null, 0, 0, 0, null, 0, 3, null, null, null, 'yyyy-MM-dd', null, '12', null, null, null, 0, 0, null, null, null, null, null, null, null, null, null, null, null, null, null, null, null, null, null, null);

insert into bw3.sys_field_list (FIELD_NAME, CAPTION, REQUIERED_FLAG, INPUT_HINT, VALID_CHARS, INVALID_CHARS, CHECK_EXPRESS, CHECK_MESSAGE, READ_ONLY_FLAG, NO_EDIT, NO_COPY, NO_SUM, NO_SORT, ALIGNMENT, MAX_LENGTH, MIN_LENGTH, DISPLAY_WIDTH, DISPLAY_FORMAT, EDIT_FORMT, DATA_TYPE, MAX_VALUE, MIN_VALUE, DEFAULT_VALUE, IME_CARE, IME_OPEN, VALUE_LISTS, VALUE_LIST_TYPE, HYPER_RES, MULTI_VALUE_FLAG, TRUE_EXPR, FALSE_EXPR, NAME_RULE_FLAG, NAME_RULE_ID, DATA_TYPE_FLAG, ALLOW_SCAN, VALUE_ENCRYPT, VALUE_SENSITIVE, OPERATOR_FLAG, VALUE_DISPLAY_STYLE, TO_ITEM_ID, VALUE_SENSITIVE_REPLACEMENT, STORE_SOURCE, ENABLE_STAND_PERMISSION)
values ('ABN_BEGIN_TIME', '开始时间', 0, null, null, null, null, null, 0, 0, 0, null, 0, 3, null, null, null, 'yyyy-MM-dd', null, '12', null, null, null, 0, 0, null, null, null, null, null, null, null, null, null, null, null, null, null, null, null, null, null, null);

insert into bw3.sys_field_list (FIELD_NAME, CAPTION, REQUIERED_FLAG, INPUT_HINT, VALID_CHARS, INVALID_CHARS, CHECK_EXPRESS, CHECK_MESSAGE, READ_ONLY_FLAG, NO_EDIT, NO_COPY, NO_SUM, NO_SORT, ALIGNMENT, MAX_LENGTH, MIN_LENGTH, DISPLAY_WIDTH, DISPLAY_FORMAT, EDIT_FORMT, DATA_TYPE, MAX_VALUE, MIN_VALUE, DEFAULT_VALUE, IME_CARE, IME_OPEN, VALUE_LISTS, VALUE_LIST_TYPE, HYPER_RES, MULTI_VALUE_FLAG, TRUE_EXPR, FALSE_EXPR, NAME_RULE_FLAG, NAME_RULE_ID, DATA_TYPE_FLAG, ALLOW_SCAN, VALUE_ENCRYPT, VALUE_SENSITIVE, OPERATOR_FLAG, VALUE_DISPLAY_STYLE, TO_ITEM_ID, VALUE_SENSITIVE_REPLACEMENT, STORE_SOURCE, ENABLE_STAND_PERMISSION)
values ('ABN_MONEY_A', '异常金额', 0, null, null, null, null, null, 0, 0, 0, 0, 0, 0, null, null, null, '0.00', null, '10', null, null, null, 0, 0, null, null, null, null, null, null, null, null, 1, null, null, null, null, null, null, null, null, null);

insert into bw3.sys_field_list (FIELD_NAME, CAPTION, REQUIERED_FLAG, INPUT_HINT, VALID_CHARS, INVALID_CHARS, CHECK_EXPRESS, CHECK_MESSAGE, READ_ONLY_FLAG, NO_EDIT, NO_COPY, NO_SUM, NO_SORT, ALIGNMENT, MAX_LENGTH, MIN_LENGTH, DISPLAY_WIDTH, DISPLAY_FORMAT, EDIT_FORMT, DATA_TYPE, MAX_VALUE, MIN_VALUE, DEFAULT_VALUE, IME_CARE, IME_OPEN, VALUE_LISTS, VALUE_LIST_TYPE, HYPER_RES, MULTI_VALUE_FLAG, TRUE_EXPR, FALSE_EXPR, NAME_RULE_FLAG, NAME_RULE_ID, DATA_TYPE_FLAG, ALLOW_SCAN, VALUE_ENCRYPT, VALUE_SENSITIVE, OPERATOR_FLAG, VALUE_DISPLAY_STYLE, TO_ITEM_ID, VALUE_SENSITIVE_REPLACEMENT, STORE_SOURCE, ENABLE_STAND_PERMISSION)
values ('RDL_BEGIN_TIME', '开始时间', 0, null, null, null, null, null, 1, 1, 0, 0, 0, 0, 0, 0, 0, 'yyyy-MM-dd', null, '12', null, null, null, 0, 0, null, 0, null, 0, null, null, null, null, null, 0, 0, null, null, null, null, null, null, 0);

insert into bw3.sys_field_list (FIELD_NAME, CAPTION, REQUIERED_FLAG, INPUT_HINT, VALID_CHARS, INVALID_CHARS, CHECK_EXPRESS, CHECK_MESSAGE, READ_ONLY_FLAG, NO_EDIT, NO_COPY, NO_SUM, NO_SORT, ALIGNMENT, MAX_LENGTH, MIN_LENGTH, DISPLAY_WIDTH, DISPLAY_FORMAT, EDIT_FORMT, DATA_TYPE, MAX_VALUE, MIN_VALUE, DEFAULT_VALUE, IME_CARE, IME_OPEN, VALUE_LISTS, VALUE_LIST_TYPE, HYPER_RES, MULTI_VALUE_FLAG, TRUE_EXPR, FALSE_EXPR, NAME_RULE_FLAG, NAME_RULE_ID, DATA_TYPE_FLAG, ALLOW_SCAN, VALUE_ENCRYPT, VALUE_SENSITIVE, OPERATOR_FLAG, VALUE_DISPLAY_STYLE, TO_ITEM_ID, VALUE_SENSITIVE_REPLACEMENT, STORE_SOURCE, ENABLE_STAND_PERMISSION)
values ('RDL_END_TIME', '结束时间', 0, null, null, null, null, null, 1, 1, 0, 0, 0, 0, 0, 0, 0, 'yyyy-MM-dd', null, '12', null, null, null, 0, 0, null, 0, null, 0, null, null, null, null, null, 0, 0, null, null, null, null, null, null, 0);

end;*/
